{
    "root_group": {
        "path": "",
        "id": "d41d8cd98f00b204e9800998ecf8427e",
        "groups": {},
        "checks": {
                "resposta valida": {
                    "id": "ce808816d29ae732eb130bbd9da91842",
                    "passes": 61026,
                    "fails": 0,
                    "name": "resposta valida",
                    "path": "::resposta valida"
                },
                "status is 2xx or 202 fallback": {
                    "name": "status is 2xx or 202 fallback",
                    "path": "::status is 2xx or 202 fallback",
                    "id": "1de0d08ae354291d7ba711eacdb48145",
                    "passes": 21087,
                    "fails": 39939
                }
            },
        "name": ""
    },
    "metrics": {
        "iteration_duration": {
            "avg": 1279.2921909327529,
            "min": 1000.8535,
            "med": 1008.690209,
            "max": 4146.150543,
            "p(90)": 1061.989105,
            "p(95)": 4007.78288725
        },
        "http_req_sending": {
            "avg": 0.049719079507095344,
            "min": 0.004,
            "med": 0.032125,
            "max": 25.682791,
            "p(90)": 0.080584,
            "p(95)": 0.10719774999999988
        },
        "vus_max": {
            "value": 150,
            "min": 150,
            "max": 150
        },
        "custom_api_failures": {
            "count": 39939,
            "rate": 51.14119087894426
        },
        "custom_availability_rate": {
            "passes": 21087,
            "fails": 39939,
            "value": 0.34554124471536724
        },
        "custom_response_time_success": {
            "p(90)": 3007.010043,
            "p(95)": 3009.4367075,
            "avg": 783.7423782564615,
            "min": 0.509959,
            "med": 5.08275,
            "max": 3144.301626
        },
        "custom_success_rate": {
            "passes": 21087,
            "fails": 39939,
            "value": 0.34554124471536724
        },
        "http_req_receiving": {
            "med": 0.080917,
            "max": 65.228958,
            "p(90)": 0.17464600000000005,
            "p(95)": 0.231875,
            "avg": 0.11177845344607246,
            "min": 0.007667
        },
        "http_req_duration": {
            "min": 0.509959,
            "med": 6.276334,
            "max": 3144.301626,
            "p(90)": 55.73270800000003,
            "p(95)": 3005.8617717499997,
            "avg": 277.10948143238954,
            "thresholds": {
                "p(95)<1000": true
            }
        },
        "http_reqs": {
            "count": 61026,
            "rate": 78.14272552088066
        },
        "http_req_blocked": {
            "avg": 0.2525558744633436,
            "min": 0.00125,
            "med": 0.15272950000000002,
            "max": 58.298333,
            "p(90)": 0.6263955000000001,
            "p(95)": 0.8166357499999997
        },
        "http_req_tls_handshaking": {
            "p(95)": 0,
            "avg": 0,
            "min": 0,
            "med": 0,
            "max": 0,
            "p(90)": 0
        },
        "http_req_failed": {
            "passes": 39939,
            "fails": 21087,
            "value": 0.6544587552846328
        },
        "data_received": {
            "count": 13867898,
            "rate": 17757.600808926847
        },
        "custom_response_time_failure": {
            "min": 0.864125,
            "med": 7.037916,
            "max": 418.954209,
            "p(90)": 16.2864836,
            "p(95)": 20.925025,
            "avg": 9.6173585617818
        },
        "data_sent": {
            "rate": 17239.305026175483,
            "count": 13463132
        },
        "http_req_duration{expected_response:true}": {
            "max": 3144.301626,
            "p(90)": 3007.010043,
            "p(95)": 3009.4367075,
            "avg": 783.7423782564615,
            "min": 0.509959,
            "med": 5.08275
        },
        "http_req_connecting": {
            "min": 0,
            "med": 0.117541,
            "max": 58.215375,
            "p(90)": 0.48125,
            "p(95)": 0.6450524999999997,
            "avg": 0.19576102684101715
        },
        "http_req_waiting": {
            "avg": 276.9479838994362,
            "min": 0.49575,
            "med": 6.1009795,
            "max": 3144.145294,
            "p(90)": 55.32789600000005,
            "p(95)": 3005.727116
        },
        "checks": {
            "passes": 82113,
            "fails": 39939,
            "value": 0.6727706223576836
        },
        "iterations": {
            "count": 61026,
            "rate": 78.14272552088066
        },
        "vus": {
            "value": 4,
            "min": 1,
            "max": 150
        },
        "custom_success_responses": {
            "count": 21087,
            "rate": 27.001534641936395
        }
    }
}