{
    "metrics": {
        "iteration_duration": {
            "avg": 4268.04854659117,
            "min": 1010.743792,
            "med": 4392.015481,
            "max": 13971.944507,
            "p(90)": 6484.6851194,
            "p(95)": 6914.570480099999
        },
        "http_req_failed": {
            "passes": 0,
            "fails": 4761,
            "thresholds": {
                "rate<0.01": false
            },
            "value": 0
        },
        "custom_success_responses": {
            "count": 4760,
            "rate": 15.830622500587719
        },
        "checks": {
            "passes": 9880,
            "fails": 4400,
            "value": 0.6918767507002801
        },
        "http_req_blocked": {
            "max": 337.884792,
            "p(90)": 0.974542,
            "p(95)": 2.873583,
            "avg": 0.9729934242806128,
            "min": 0.001542,
            "med": 0.045292
        },
        "http_req_tls_handshaking": {
            "med": 0,
            "max": 0,
            "p(90)": 0,
            "p(95)": 0,
            "avg": 0,
            "min": 0
        },
        "http_req_sending": {
            "med": 0.14575,
            "max": 353.434459,
            "p(90)": 2.38075,
            "p(95)": 5.3365,
            "avg": 1.3606728042428018,
            "min": 0.005583
        },
        "http_req_waiting": {
            "p(95)": 5894.815752,
            "avg": 3240.17219522307,
            "min": 5.133708,
            "med": 3360.636168,
            "max": 12956.178215,
            "p(90)": 5456.286752
        },
        "custom_availability_rate": {
            "passes": 4760,
            "fails": 0,
            "value": 1
        },
        "http_req_connecting": {
            "p(95)": 0,
            "avg": 0.18973688846880912,
            "min": 0,
            "med": 0,
            "max": 136.5345,
            "p(90)": 0
        },
        "data_sent": {
            "count": 1051413,
            "rate": 3496.74838134673
        },
        "http_req_duration": {
            "avg": 3242.812084180012,
            "min": 5.281209,
            "med": 3363.133377,
            "max": 12957.529673,
            "p(90)": 5459.203252,
            "p(95)": 5895.12417,
            "thresholds": {
                "p(95)<200": true,
                "p(99)<500": true
            }
        },
        "http_reqs": {
            "count": 4761,
            "rate": 15.833948261617255
        },
        "http_req_receiving": {
            "max": 138.579083,
            "p(90)": 2.558458,
            "p(95)": 5.707041,
            "avg": 1.2792161526990136,
            "min": 0.010708,
            "med": 0.233834
        },
        "vus": {
            "value": 0,
            "min": 0,
            "max": 100
        },
        "data_received": {
            "count": 857364,
            "rate": 2851.3877793264473
        },
        "http_req_duration{expected_response:true}": {
            "avg": 3242.812084180012,
            "min": 5.281209,
            "med": 3363.133377,
            "max": 12957.529673,
            "p(90)": 5459.203252,
            "p(95)": 5895.12417
        },
        "iterations": {
            "count": 4760,
            "rate": 15.830622500587719
        },
        "custom_success_rate": {
            "fails": 0,
            "passes": 4760,
            "thresholds": {
                "rate>0.99": false
            },
            "value": 1
        },
        "vus_max": {
            "value": 100,
            "min": 100,
            "max": 100
        },
        "custom_response_time_success": {
            "max": 12957.529673,
            "p(90)": 5459.2801021000005,
            "p(95)": 5895.1925512,
            "avg": 3243.4726207523186,
            "min": 5.281209,
            "med": 3363.4222725
        }
    },
    "root_group": {
        "groups": {},
        "checks": {
                "status is 200": {
                    "name": "status is 200",
                    "path": "::status is 200",
                    "id": "6210a8cd14cd70477eba5c5e4cb3fb5f",
                    "passes": 4760,
                    "fails": 0
                },
                "response time < 500ms": {
                    "name": "response time < 500ms",
                    "path": "::response time < 500ms",
                    "id": "3e02485a995423a591645f4eee6c60eb",
                    "passes": 360,
                    "fails": 4400
                },
                "has valid response body": {
                    "name": "has valid response body",
                    "path": "::has valid response body",
                    "id": "fef5d6a6429b9dbddb8e8ec82501cf61",
                    "passes": 4760,
                    "fails": 0
                }
            },
        "name": "",
        "path": "",
        "id": "d41d8cd98f00b204e9800998ecf8427e"
    }
}