{
    "root_group": {
        "name": "",
        "path": "",
        "id": "d41d8cd98f00b204e9800998ecf8427e",
        "groups": {},
        "checks": {
                "resposta valida": {
                    "name": "resposta valida",
                    "path": "::resposta valida",
                    "id": "ce808816d29ae732eb130bbd9da91842",
                    "passes": 90787,
                    "fails": 0
                },
                "status is 2xx or 202 fallback": {
                    "passes": 87286,
                    "fails": 3501,
                    "name": "status is 2xx or 202 fallback",
                    "path": "::status is 2xx or 202 fallback",
                    "id": "1de0d08ae354291d7ba711eacdb48145"
                }
            }
    },
    "metrics": {
        "custom_availability_rate": {
            "passes": 87286,
            "fails": 3501,
            "value": 0.9614372101732627
        },
        "data_sent": {
            "count": 20077740,
            "rate": 25644.720119434347
        },
        "custom_response_time_fallback": {
            "min": 0.200875,
            "med": 2.7235,
            "max": 180.771959,
            "p(90)": 6.665542,
            "p(95)": 8.4865625,
            "avg": 3.8345452913184768
        },
        "http_req_receiving": {
            "p(90)": 0.134042,
            "p(95)": 0.173167,
            "avg": 0.07304214763126887,
            "min": 0.004709,
            "med": 0.049791,
            "max": 11.452667
        },
        "iteration_duration": {
            "p(90)": 1052.7454584000006,
            "p(95)": 4007.6555181,
            "avg": 1293.681165408953,
            "min": 1000.34125,
            "med": 1006.337458,
            "max": 4165.549668
        },
        "custom_api_failures": {
            "count": 3501,
            "rate": 4.471726655397452
        },
        "http_req_tls_handshaking": {
            "p(90)": 0,
            "p(95)": 0,
            "avg": 0,
            "min": 0,
            "med": 0,
            "max": 0
        },
        "iterations": {
            "count": 90787,
            "rate": 115.9596252109593
        },
        "http_req_blocked": {
            "avg": 0.034555011488428995,
            "min": 0.000958,
            "med": 0.006916,
            "max": 38.76475,
            "p(90)": 0.018458,
            "p(95)": 0.05075
        },
        "http_req_connecting": {
            "med": 0,
            "max": 38.105375,
            "p(90)": 0,
            "p(95)": 0,
            "avg": 0.018880483769702736,
            "min": 0
        },
        "http_req_failed": {
            "passes": 3501,
            "fails": 87286,
            "value": 0.03856278982673731
        },
        "vus_max": {
            "value": 200,
            "min": 200,
            "max": 200
        },
        "http_req_duration{expected_response:true}": {
            "max": 3164.476877,
            "p(90)": 151.33045850000005,
            "p(95)": 3005.8896785,
            "avg": 302.65370093014724,
            "min": 0.200875,
            "med": 4.101875
        },
        "custom_response_time_failure": {
            "min": 0.934375,
            "med": 5.15275,
            "max": 169.126959,
            "p(90)": 9.709417,
            "p(95)": 12.453042,
            "avg": 6.685883394744354
        },
        "http_reqs": {
            "count": 90787,
            "rate": 115.9596252109593
        },
        "http_req_duration": {
            "avg": 291.2403561870513,
            "min": 0.200875,
            "med": 4.150834,
            "max": 3164.476877,
            "p(90)": 43.131708400000036,
            "p(95)": 3005.7761018
        },
        "custom_success_responses": {
            "count": 55575,
            "rate": 70.984349863957
        },
        "http_req_waiting": {
            "avg": 291.1206602794556,
            "min": 0.17975,
            "med": 4.046375,
            "max": 3164.22746,
            "p(90)": 42.534783600000004,
            "p(95)": 3005.6453437
        },
        "checks": {
            "passes": 178073,
            "fails": 3501,
            "value": 0.9807186050866313
        },
        "custom_fallback_responses": {
            "count": 31711,
            "rate": 40.50354869160486
        },
        "custom_response_time_success": {
            "med": 4.676583,
            "max": 3164.476877,
            "p(90)": 3005.154327,
            "p(95)": 3007.2664307,
            "avg": 473.15940033568825,
            "min": 0.542208
        },
        "vus": {
            "value": 1,
            "min": 1,
            "max": 200
        },
        "data_received": {
            "count": 17100246,
            "rate": 21841.652628407217
        },
        "http_req_sending": {
            "avg": 0.04665375996563355,
            "min": 0.002917,
            "med": 0.024208,
            "max": 91.993292,
            "p(90)": 0.065792,
            "p(95)": 0.095375
        },
        "custom_success_rate": {
            "passes": 55575,
            "fails": 35212,
            "value": 0.6121471135735292
        }
    }
}