{
    "metrics": {
        "http_req_sending": {
            "avg": 0.04561909831764952,
            "min": -0.767222,
            "med": 0.019666,
            "max": 81.694458,
            "p(90)": 0.065084,
            "p(95)": 0.109833
        },
        "iteration_duration": {
            "avg": 1613.4998849272615,
            "min": 1000.594459,
            "med": 1005.795,
            "max": 4910.391585,
            "p(90)": 4006.2122932,
            "p(95)": 4010.2027519999997
        },
        "http_req_tls_handshaking": {
            "p(95)": 0,
            "avg": 0,
            "min": 0,
            "med": 0,
            "max": 0,
            "p(90)": 0
        },
        "vus": {
            "value": 2,
            "min": 1,
            "max": 500
        },
        "vus_max": {
            "value": 500,
            "min": 500,
            "max": 500
        },
        "http_reqs": {
            "count": 381549,
            "rate": 211.87313245719983
        },
        "http_req_duration{expected_response:true}": {
            "max": 3908.815321,
            "p(90)": 3005.2653679,
            "p(95)": 3009.1800475,
            "avg": 679.0924975237779,
            "min": 0.43425,
            "med": 4.242
        },
        "iterations": {
            "rate": 211.87313245719983,
            "count": 381549
        },
        "http_req_duration": {
            "avg": 612.2335618062222,
            "min": 0.43425,
            "med": 4.379833,
            "max": 3908.815321,
            "p(90)": 3004.879918,
            "p(95)": 3008.3440016,
            "thresholds": {
                "p(95)<500": true
            }
        },
        "http_req_connecting": {
            "max": 65.967084,
            "p(90)": 0.076375,
            "p(95)": 0.2254415999999993,
            "avg": 0.0372256479613365,
            "min": 0,
            "med": 0
        },
        "http_req_waiting": {
            "min": 0.414417,
            "med": 4.255209,
            "max": 3908.625321,
            "p(90)": 3004.7387686,
            "p(95)": 3008.1470845999997,
            "avg": 612.1102385040892
        },
        "checks": {
            "passes": 343174,
            "fails": 38375,
            "value": 0.8994231409334057
        },
        "data_sent": {
            "count": 84703103,
            "rate": 47035.40505008489
        },
        "data_received": {
            "count": 72584574,
            "rate": 40306.018523050574
        },
        "http_req_failed": {
            "passes": 38375,
            "fails": 343174,
            "thresholds": {
                "rate<0.05": true
            },
            "value": 0.10057685906659433
        },
        "http_req_receiving": {
            "avg": 0.07770420379033917,
            "min": 0.005292,
            "med": 0.044708,
            "max": 55.766,
            "p(90)": 0.146625,
            "p(95)": 0.209166
        },
        "http_req_blocked": {
            "avg": 0.06009976381015479,
            "min": 0.000916,
            "med": 0.005834,
            "max": 66.104708,
            "p(90)": 0.133875,
            "p(95)": 0.322292
        }
    },
    "root_group": {
        "name": "",
        "path": "",
        "id": "d41d8cd98f00b204e9800998ecf8427e",
        "groups": {},
        "checks": {
                "status is 2xx or 202 fallback": {
                    "path": "::status is 2xx or 202 fallback",
                    "id": "1de0d08ae354291d7ba711eacdb48145",
                    "passes": 343174,
                    "fails": 38375,
                    "name": "status is 2xx or 202 fallback"
                }
            }
    }
}