{
    "root_group": {
        "id": "d41d8cd98f00b204e9800998ecf8427e",
        "groups": {},
        "checks": {
                "status is 2xx or 202 fallback": {
                    "passes": 340691,
                    "fails": 42380,
                    "name": "status is 2xx or 202 fallback",
                    "path": "::status is 2xx or 202 fallback",
                    "id": "1de0d08ae354291d7ba711eacdb48145"
                }
            },
        "name": "",
        "path": ""
    },
    "metrics": {
        "http_reqs": {
            "count": 383071,
            "rate": 212.61873172456401
        },
        "http_req_sending": {
            "avg": 0.03965728702251041,
            "min": 0.003167,
            "med": 0.017208,
            "max": 66.389083,
            "p(90)": 0.058792,
            "p(95)": 0.095709
        },
        "http_req_connecting": {
            "med": 0,
            "max": 85.940333,
            "p(90)": 0.10225,
            "p(95)": 0.227667,
            "avg": 0.03800119545723902,
            "min": 0
        },
        "iterations": {
            "count": 383071,
            "rate": 212.61873172456401
        },
        "http_req_receiving": {
            "p(90)": 0.136583,
            "p(95)": 0.190291,
            "avg": 0.0703255986148784,
            "min": -0.208264,
            "med": 0.042,
            "max": 52.665958
        },
        "http_req_waiting": {
            "avg": 605.8292470268907,
            "min": 0.212708,
            "med": 4.144041,
            "max": 3937.983835,
            "p(90)": 3004.653252,
            "p(95)": 3007.814606
        },
        "http_req_duration{expected_response:true}": {
            "max": 3938.023918,
            "p(90)": 3005.18546,
            "p(95)": 3008.7651889999997,
            "avg": 680.0336197474221,
            "min": 0.48175,
            "med": 4.388333
        },
        "checks": {
            "fails": 42380,
            "passes": 340691,
            "value": 0.8893677673329488
        },
        "data_received": {
            "count": 75152633,
            "rate": 41712.521997806194
        },
        "http_req_blocked": {
            "min": 0.000875,
            "med": 0.005167,
            "max": 106.478666,
            "p(90)": 0.150167,
            "p(95)": 0.3206039999999993,
            "avg": 0.05806118360043165
        },
        "http_req_tls_handshaking": {
            "avg": 0,
            "min": 0,
            "med": 0,
            "max": 0,
            "p(90)": 0,
            "p(95)": 0
        },
        "iteration_duration": {
            "avg": 1607.179950813596,
            "min": 1000.439667,
            "med": 1005.619167,
            "max": 4938.826711,
            "p(90)": 4006.04646,
            "p(95)": 4009.9174395
        },
        "vus_max": {
            "value": 500,
            "min": 500,
            "max": 500
        },
        "data_sent": {
            "rate": 47201.541605195096,
            "count": 85042092
        },
        "http_req_failed": {
            "passes": 42380,
            "fails": 340691,
            "thresholds": {
                "rate<0.05": true
            },
            "value": 0.11063223266705127
        },
        "vus": {
            "min": 1,
            "max": 500,
            "value": 1
        },
        "http_req_duration": {
            "min": 0.253916,
            "med": 4.257167,
            "max": 3938.023918,
            "p(90)": 3004.773793,
            "p(95)": 3007.9966605,
            "avg": 605.9392299125446,
            "thresholds": {
                "p(95)<500": true
            }
        }
    }
}