Version,Total Requests,Success (200),Fallback (202),API Failure (500),CB Open (503),Success Rate (%),Fallback Rate (%),Total Success Rate (%),API Failure Rate (%),CB Protection Rate (%)
V1,22916.0,8192.0,0.0,14724.0,0.0,35.747949031244545,0.0,35.747949031244545,64.25205096875546,0.0
V2,22768.0,7507.0,14135.0,1126.0,0.0,32.9717146872804,62.082747716092754,95.05446240337315,4.945537596626845,0.0
V3,22657.0,11969.0,0.0,10688.0,0.0,52.82694090126672,0.0,52.82694090126672,47.17305909873328,0.0
