Scenario,Response Time Improvement (%),P95 Improvement (%),P99 Improvement (%),Protected Requests,Total Time Saved (s),Failure Reduction (%),V1 Failure Rate (%),V2 Failure Rate (%),Fast Response Increase (%),Slow Response Decrease (%),Test Duration (s),V1 Availability (%),V2 Availability (%),V1 Downtime (s),V2 Downtime (s),V1 Hard Downtime (s),V2 Hard Downtime (s)
catastrofe,9.553370312705226,2.006166111863381,0.5892101417279799,0.0,0.0,92.38412080388116,64.33914114748328,4.899991265612718,0.7846971946921855,0.7846971946921837,781.4958388445,35.66085885251672,95.10000873438729,502.8077108158713,38.29322784450731,502.80771081587125,38.293227844507335
