Version,Avg Response (ms),P50 (ms),P95 (ms),P99 (ms),Max (ms),Fast Requests (%),Slow Requests (%)
V1,474.66634495837445,5.0547085,3007.2176076,3013.84689011,3652.357002,84.40318302387267,15.583554376657824
V2,598.2042181728478,5.012333,3008.3520602,3017.48723508,3352.191084,80.26938926133218,19.730610738667814
