Version,Avg Response (ms),P50 (ms),P95 (ms),P99 (ms),Max (ms),Fast Requests (%),Slow Requests (%)
V1,243.01461687053117,8.602083499999999,2462.953366,2899.05748545,3181.048043,90.86440245148111,9.135597548518897
V2,177.55542344826543,3.829167,2264.3806011999995,2866.7223537600003,3105.713668,93.33857815029425,6.661421849705736
V3,1069.1137042698208,1245.480743,2646.81316755,2939.8503325399997,3056.449626,39.43695606028444,17.20441519847166
