Version,Avg Response (ms),P50 (ms),P95 (ms),P99 (ms),Max (ms),Fast Requests (%),Slow Requests (%)
V1,609.8755394262361,4.666875,3007.7612426,3015.38343952,3274.781418,79.86582722675199,20.134172773248014
V2,243.8403922457722,4.2318955,3005.7325034,3011.1856645400003,3043.85096,92.0271091077651,7.972890892234903
