Version,Total Requests,Success (200),Fallback (202),API Failure (500),CB Open (503),Success Rate (%),Fallback Rate (%),Total Success Rate (%),API Failure Rate (%),CB Protection Rate (%)
V1,62656.0,22511.0,0.0,40145.0,0.0,35.92792390194076,0.0,35.92792390194076,64.07207609805926,0.0
V2,66097.0,17717.0,48380.0,0.0,0.0,26.804544835620376,73.19545516437962,100.0,0.0,0.0
V3,37688.0,20029.0,0.0,17659.0,0.0,53.14423689237954,0.0,53.14423689237954,46.85576310762046,0.0
