Version,Avg Response (ms),P50 (ms),P95 (ms),P99 (ms),Max (ms),Fast Requests (%),Slow Requests (%)
V1,241.27793395172938,7.759125,2458.102459,2892.7852348,3006.529876,90.84185819937115,9.158141800628847
V2,213.99706187017156,3.694833,2397.5031993499997,2882.8765609999996,3004.06396,91.85657721073471,8.143422789265289
V3,1064.7196054568797,1234.1146254999999,2628.94272765,2925.2499792500003,3008.783668,39.13582433150346,16.960332920134586
