Scenario,Response Time Improvement (%),P95 Improvement (%),P99 Improvement (%),Protected Requests,Total Time Saved (s),Failure Reduction (%),V1 Failure Rate (%),V2 Failure Rate (%),Fast Response Increase (%),Slow Response Decrease (%),Test Duration (s),V1 Availability (%),V2 Availability (%),V1 Downtime (s),V2 Downtime (s),V1 Hard Downtime (s),V2 Hard Downtime (s)
catastrofe,11.306824306202692,2.4652861571381908,0.34253057160275513,0.0,0.0,92.30291092336996,64.25205096875546,4.945537596626845,1.0147190113635673,1.0147190113635585,781.649530056,35.747949031244545,95.05446240337315,502.22585444861863,38.656771382776554,502.22585444861863,38.65677138277653
