Scenario,Response Time Improvement (%),P95 Improvement (%),P99 Improvement (%),Protected Requests,Total Time Saved (s),Failure Reduction (%),V1 Failure Rate (%),V2 Failure Rate (%),Fast Response Increase (%),Slow Response Decrease (%),Test Duration (s),V1 Availability (%),V2 Availability (%),V1 Downtime (s),V2 Downtime (s),V1 Hard Downtime (s),V2 Hard Downtime (s)
catastrofe,60.018007530655446,0.06745014103068615,0.13921197964355958,0.0,0.0,44.82182690486504,9.982454329652182,5.508135929158275,12.16128188101311,12.16128188101311,781.379989584,90.01548147383632,94.4870688277229,78.01702981975038,43.07694101971191,78.00090060126378,43.039471949529485
degradacao,0.4380880408103909,-0.011201573352712007,-0.012122225621632943,0.0,0.0,4.234279622387698,5.274851391913367,5.051499434314345,0.07543252243804943,0.07543252243806009,781.322805209,94.72367724089223,94.94409262551609,41.225112993341696,39.502957327086335,41.2136168659035,39.468517085301606
indisponibilidade,74.56511470360657,95.64035308407205,0.09466777830005063,0.0,0.0,96.7670442565211,89.86022064344712,2.9051411643951304,3.8222849260667573,3.7601928565236435,542.420014543,10.138335354935597,97.08446477061598,487.42765443634016,15.814446615231057,487.41982188255776,15.758067126406745
rajadas,10.761730798640427,-0.002604102015951015,-0.013173703575698083,0.0,0.0,5.759860617916792,5.070720917191102,4.778654460037343,1.664383041354938,1.6643830413549345,782.0133073765,94.92803289924606,95.21291332891646,39.66345767365385,37.43565480351999,39.653712352358134,37.36971379103266
