Scenario,Response Time Improvement (%),P95 Improvement (%),P99 Improvement (%),Protected Requests,Total Time Saved (s),Failure Reduction (%),V1 Failure Rate (%),V2 Failure Rate (%),Fast Response Increase (%),Slow Response Decrease (%),Test Duration (s),V1 Availability (%),V2 Availability (%),V1 Downtime (s),V2 Downtime (s),V1 Hard Downtime (s),V2 Hard Downtime (s)
catastrofe,9.553370312705226,2.006166111863381,0.5892101417279799,0.0,0.0,92.38412080388116,64.33914114748328,4.899991265612718,0.7846971946921855,0.7846971946921837,781.4958388445,35.66085885251672,95.10000873438729,502.8077108158713,38.29322784450731,502.80771081587125,38.293227844507335
degradacao,74.19375339079772,17.798195558772676,2.9309461679149575,0.0,0.0,82.5982746531801,24.651939039922702,4.289862724392819,21.75772040100921,21.766487716457235,781.3029155107499,75.3480609600773,95.71013727560718,192.6063184488488,33.516822537090015,192.60631844884884,33.516822537089986
indisponibilidade,84.59798987877602,95.07429266516583,95.7747750414136,0.0,0.0,99.02420069220746,89.74054006431435,0.8756875687568756,4.412817961441647,4.311500838847934,542.244960949,10.259459935685653,99.12431243124313,486.61355642716296,4.748371715240979,486.61355642716296,4.7483717152409675
normal,3.409398335737563,7.542279875693724,18.20649766995239,0.0,0.0,0.0,0.0,0.0,6.825004049915151e-06,0.0,300.63508084424996,100.0,100.0,0.0,0.0,0.0,0.0
rajadas,5.739485135917765,0.6596896021602334,0.1701987477986776,0.0,0.0,91.04035417271585,37.08486268960333,3.322672352523099,0.3747062959124321,0.5300587190591148,781.8990333864999,62.91513731039667,96.6773276474769,289.96618290271914,25.979943006978626,289.96618290271914,25.979943006978587
