Scenario,Response Time Improvement (%),P95 Improvement (%),P99 Improvement (%),Protected Requests,Total Time Saved (s),Failure Reduction (%),V1 Failure Rate (%),V2 Failure Rate (%),Fast Response Increase (%),Slow Response Decrease (%),Test Duration (s),V1 Availability (%),V2 Availability (%),V1 Downtime (s),V2 Downtime (s),V1 Hard Downtime (s),V2 Hard Downtime (s)
catastrofe,11.306824306202692,2.4652861571381908,0.34253057160275513,0.0,0.0,92.30291092336996,64.25205096875546,4.945537596626845,1.0147190113635673,1.0147190113635585,781.649530056,35.747949031244545,95.05446240337315,502.22585444861863,38.656771382776554,502.22585444861863,38.65677138277653
degradacao,69.1692772429236,14.218024979304364,3.0980717230064334,0.0,0.0,81.35510137639456,24.64436073565256,4.594916075598044,19.946580858249504,19.946580858249497,781.9814666396666,75.35563926434745,95.40508392440195,192.714333524626,35.931392118823474,192.714333524626,35.931392118823396
indisponibilidade,94.49776656616467,84.48507464575272,99.36086236642817,0.0,0.0,99.54054357099102,89.53984187616594,0.4113965600245087,4.837555802861104,4.837555802861112,542.3237705426667,10.460158123834058,99.58860343997549,485.5958466007648,2.231101336207763,485.59584660076473,2.2311013362077405
normal,1.071250972513803,0.4860030148449792,0.13996439781463274,0.0,0.0,0.0,0.0,0.0,0.0,0.0,300.53256502799996,100.0,100.0,0.0,0.0,0.0,0.0
rajadas,3.3018892501704777,1.5684089540637074,0.6537559162995266,0.0,0.0,91.00405255338107,36.959964804223496,3.324899010076797,0.22068231275180494,0.22068231275180494,783.0873929043333,63.04003519577651,96.67510098992321,289.4288248037529,26.0368649747123,289.42882480375295,26.036864974712376
