Scenario,Response Time Improvement (%),P95 Improvement (%),P99 Improvement (%),Protected Requests,Total Time Saved (s),Failure Reduction (%),V1 Failure Rate (%),V2 Failure Rate (%),Fast Response Increase (%),Slow Response Decrease (%),Test Duration (s),V1 Availability (%),V2 Availability (%),V1 Downtime (s),V2 Downtime (s),V1 Hard Downtime (s),V2 Hard Downtime (s)
catastrofe,26.936319413716532,8.062384271712622,1.11536704091884,0.0,0.0,100.0,64.07207609805926,0.0,2.4741756988131414,2.474175698813161,782.1268923759999,35.92792390194076,100.0,501.1249376665366,0.0,501.1249376665367,0.0
degradacao,64.74286175272206,11.26832607582231,2.22457856136642,0.0,0.0,100.0,24.75546452911473,0.0,19.086190595162435,19.086190595162442,780.3932376943334,75.24453547088528,100.0,193.18997114503065,0.0,193.18997114503068,0.0
indisponibilidade,90.32039070743416,99.39584720687209,98.43888581649726,0.0,0.0,100.0,89.4118647189674,0.0,4.698381382963035,4.698381382963025,541.8722569729999,10.588135281032601,100.0,484.4980893543141,0.0,484.49808935431406,0.0
normal,-38.187610084003715,-27.744833177640526,-216.65785725578442,0.0,0.0,0.0,0.0,0.0,-1.593623487246731,0.0,300.84525384766664,100.0,100.0,0.0,0.0,0.0,0.0
rajadas,4.1175617240371265,1.4838601265983102,0.390351472897563,0.0,0.0,100.0,37.014186091981486,0.0,0.3397959630490561,0.33979596304906323,780.783188028,62.98581390801851,100.0,289.0005421915897,0.0,289.00054219158966,0.0
