Version,Avg Response (ms),P50 (ms),P95 (ms),P99 (ms),Max (ms),Fast Requests (%),Slow Requests (%)
V1,731.5903019879183,32.280334,2830.1675512999996,2970.9452662599997,3022.806501,71.3920366859209,28.607963314079104
V2,225.5545777235531,3.335834,2427.773621899999,2878.9032510600005,3015.728529,91.3386175441704,8.661382455829607
V3,1067.2655944778342,986.720167,2832.4127679,2972.4889591200003,3046.771945,48.83116883116883,29.531146819282412
