Version,Total Requests,Success (200),Fallback (202),API Failure (500),CB Open (503),Success Rate (%),Fallback Rate (%),Total Success Rate (%),API Failure Rate (%),CB Protection Rate (%)
V1,22565.0,17004.0,0.0,5561.0,0.0,75.35563926434745,0.0,75.35563926434745,24.64436073565256,0.0
V2,22699.0,6978.0,14678.0,1043.0,0.0,30.741442354288733,64.66364157011321,95.40508392440195,4.594916075598044,0.0
V3,22610.0,17280.0,0.0,5330.0,0.0,76.42636001769128,0.0,76.42636001769128,23.573639982308713,0.0
