Scenario,Response Time Improvement (%),P95 Improvement (%),P99 Improvement (%),Protected Requests,Total Time Saved (s),Failure Reduction (%),V1 Failure Rate (%),V2 Failure Rate (%),Fast Response Increase (%),Slow Response Decrease (%),Test Duration (s),V1 Availability (%),V2 Availability (%),V1 Downtime (s),V2 Downtime (s),V1 Hard Downtime (s),V2 Hard Downtime (s)
degradacao,0.4380880408103909,-0.011201573352712007,-0.012122225621632943,0.0,0.0,4.234279622387698,5.274851391913367,5.051499434314345,0.07543252243804943,0.07543252243806009,781.322805209,94.72367724089223,94.94409262551609,41.225112993341696,39.502957327086335,41.2136168659035,39.468517085301606
