Scenario,Response Time Improvement (%),P95 Improvement (%),P99 Improvement (%),Protected Requests,Total Time Saved (s),Failure Reduction (%),V1 Failure Rate (%),V2 Failure Rate (%),Fast Response Increase (%),Slow Response Decrease (%),Test Duration (s),V1 Availability (%),V2 Availability (%),V1 Downtime (s),V2 Downtime (s),V1 Hard Downtime (s),V2 Hard Downtime (s)
degradacao,69.1692772429236,14.218024979304364,3.0980717230064334,0.0,0.0,81.35510137639456,24.64436073565256,4.594916075598044,19.946580858249504,19.946580858249497,781.9814666396666,75.35563926434745,95.40508392440195,192.714333524626,35.931392118823474,192.714333524626,35.931392118823396
