Version,Avg Response (ms),P50 (ms),P95 (ms),P99 (ms),Max (ms),Fast Requests (%),Slow Requests (%)
V1,748.4035232438468,34.414125,2840.5753742499996,2972.97521196,3241.058585,70.83053780147604,29.16946219852396
V2,263.865664837582,4.568312000000001,2520.4900786499998,2906.8390427599998,3160.232043,89.91672839663848,10.083271603361517
V3,1074.6050408610577,1028.152438,2829.39511965,2971.8527273900004,3190.659335,48.39013565566907,29.775163289231283
