Version,Avg Response (ms),P50 (ms),P95 (ms),P99 (ms),Max (ms),Fast Requests (%),Slow Requests (%)
V1,134.8225343191176,5.187708,2015.9653134999949,2815.1684460000006,3114.91621,94.95458989217755,5.04541010782244
V2,13.05029456042606,2.7045209999999997,12.17951075,43.94799389999997,2993.315918,99.65297127514059,0.3470287248594154
V3,1435.5269160269409,1492.239251,2248.822001,2855.6230094000002,3059.72507,9.43235945511362,12.34792633718637
