Version,Avg Response (ms),P50 (ms),P95 (ms),P99 (ms),Max (ms),Fast Requests (%),Slow Requests (%)
V1,156.74354689951195,5.0075210000000006,449.7354895499985,3007.44098058,3341.773085,95.03696644140241,4.9009414890544685
V2,39.8675413633895,3.610375,19.606879399999997,3004.5939030199997,3079.173835,98.85925136746917,1.140748632530825
