Version,Avg Response (ms),P50 (ms),P95 (ms),P99 (ms),Max (ms),Fast Requests (%),Slow Requests (%)
V1,131.78508119453141,5.425542,69.18281689999633,2809.6913805,3009.991043,95.03858875413451,4.961411245865491
V2,7.251122798292563,2.925791,10.733662400000002,17.957794999999976,2893.893571,99.87614455699561,0.12385544300437919
V3,1442.5278006331605,1500.575251,2235.9539166999994,2841.18055704,3004.739584,9.134423613881133,12.174799450427692
