Scenario,Response Time Improvement (%),P95 Improvement (%),P99 Improvement (%),Protected Requests,Total Time Saved (s),Failure Reduction (%),V1 Failure Rate (%),V2 Failure Rate (%),Fast Response Increase (%),Slow Response Decrease (%),Test Duration (s),V1 Availability (%),V2 Availability (%),V1 Downtime (s),V2 Downtime (s),V1 Hard Downtime (s),V2 Hard Downtime (s)
indisponibilidade,84.59798987877602,95.07429266516583,95.7747750414136,0.0,0.0,99.02420069220746,89.74054006431435,0.8756875687568756,4.412817961441647,4.311500838847934,542.244960949,10.259459935685653,99.12431243124313,486.61355642716296,4.748371715240979,486.61355642716296,4.7483717152409675
