Version,Total Requests,Success (200),Fallback (202),API Failure (500),CB Open (503),Success Rate (%),Fallback Rate (%),Total Success Rate (%),API Failure Rate (%),CB Protection Rate (%)
V1,22701.0,2329.0,0.0,20372.0,0.0,10.259459935685653,0.0,10.259459935685653,89.74054006431435,0.0
V2,22725.0,622.0,21904.0,199.0,0.0,2.7370737073707367,96.38723872387239,99.12431243124313,0.8756875687568756,0.0
V3,22624.0,3563.0,0.0,19061.0,0.0,15.748762376237623,0.0,15.748762376237623,84.25123762376238,0.0
V4,22619.0,474.0,22010.0,135.0,0.0,2.0955833591228616,97.30757327910165,99.4031566382245,0.5968433617754985,0.0
