Version,Total Requests,Success (200),Fallback (202),API Failure (500),CB Open (503),Success Rate (%),Fallback Rate (%),Total Success Rate (%),API Failure Rate (%),CB Protection Rate (%)
V1,69252.0,7021.0,0.0,62230.0,0.0,10.138335354935597,0.0,10.138335354935597,89.86022064344712,0.0
V2,76967.0,3295.0,71428.0,2236.0,0.0,4.281055517299622,92.80340925331636,97.08446477061598,2.9051411643951304,0.0
