Version,Total Requests,Success (200),Fallback (202),API Failure (500),CB Open (503),Success Rate (%),Fallback Rate (%),Total Success Rate (%),API Failure Rate (%),CB Protection Rate (%)
V1,70579.0,7473.0,0.0,63106.0,0.0,10.588135281032601,0.0,10.588135281032601,89.4118647189674,0.0
V2,78956.0,1102.0,77854.0,0.0,0.0,1.3957140685951668,98.60428593140483,100.0,0.0,0.0
V3,32961.0,5229.0,0.0,27732.0,0.0,15.864203149176298,0.0,15.864203149176298,84.1357968508237,0.0
