Version,Avg Response (ms),P50 (ms),P95 (ms),P99 (ms),Max (ms),Fast Requests (%),Slow Requests (%)
V1,40.01317787343798,32.8851665,72.21298924999999,287.3907461499994,891.791667,99.62305070742539,0.0
V2,55.29325422196533,33.571957999999995,92.24836264999998,910.045378709999,1887.747085,98.02942722017866,0.0
V3,31.11450787185518,31.1069165,53.6152915,58.17920420000001,170.178,100.0,0.0
