Version,Avg Response (ms),P50 (ms),P95 (ms),P99 (ms),Max (ms),Fast Requests (%),Slow Requests (%)
V1,31.290169447070866,31.477542,53.982875,58.26087296000003,125.018667,100.0,0.0
V2,30.954973202567903,30.978125,53.7205166,58.17932848000002,305.405167,100.0,0.0
V3,31.180086129142797,31.4865,53.647400000000005,57.357264330000014,88.253417,100.0,0.0
