Version,Avg Response (ms),P50 (ms),P95 (ms),P99 (ms),Max (ms),Fast Requests (%),Slow Requests (%)
V1,272.0973434852925,18.977479000000002,2514.8096697999995,2910.0931516099995,3184.390501,89.94590601985618,10.054093980143817
V2,260.8935674178203,17.365688,2477.4934118499987,2898.7335601299988,3208.916668,90.28570198290524,9.714298017094753
V3,663.7329239811227,44.071625,2600.3041643,2925.899229040002,3094.69746,65.56525441771343,13.84997516145057
