Version,Total Requests,Success (200),API Failure (500),CB Open (503),Fallback (202),Success Rate (%),Total Success Rate (%),API Failure Rate (%),CB Protection Rate (%),Fallback Rate (%)
V1,80245.0,76175.0,4069.0,0.0,0.0,94.92803289924606,94.92803289924606,5.070720917191102,0.0,0.0
V2,83015.0,70612.0,3967.0,0.0,8429.0,85.05932662771788,95.21291332891646,4.778654460037343,0.0,10.153586701198579
