Scenario,Response Time Improvement (%),P95 Improvement (%),P99 Improvement (%),Protected Requests,Total Time Saved (s),Failure Reduction (%),V1 Failure Rate (%),V2 Failure Rate (%),Fast Response Increase (%),Slow Response Decrease (%),Test Duration (s),V1 Availability (%),V2 Availability (%),V1 Downtime (s),V2 Downtime (s),V1 Hard Downtime (s),V2 Hard Downtime (s)
rajadas,3.3018892501704777,1.5684089540637074,0.6537559162995266,0.0,0.0,91.00405255338107,36.959964804223496,3.324899010076797,0.22068231275180494,0.22068231275180494,783.0873929043333,63.04003519577651,96.67510098992321,289.4288248037529,26.0368649747123,289.42882480375295,26.036864974712376
