Version,Total Requests,Success (200),Fallback (202),API Failure (500),CB Open (503),Success Rate (%),Fallback Rate (%),Total Success Rate (%),API Failure Rate (%),CB Protection Rate (%)
V1,22730.0,14329.0,0.0,8401.0,0.0,63.04003519577651,0.0,63.04003519577651,36.959964804223496,0.0
V2,22527.0,13975.0,7803.0,749.0,0.0,62.03666711057841,34.63843387934479,96.67510098992321,3.324899010076797,0.0
V3,22566.0,17541.0,0.0,5025.0,0.0,77.73198617388992,0.0,77.73198617388992,22.268013826110078,0.0
