Scenario,Response Time Improvement (%),P95 Improvement (%),P99 Improvement (%),Protected Requests,Total Time Saved (s),Failure Reduction (%),V1 Failure Rate (%),V2 Failure Rate (%),Fast Response Increase (%),Slow Response Decrease (%),Test Duration (s),V1 Availability (%),V2 Availability (%),V1 Downtime (s),V2 Downtime (s),V1 Hard Downtime (s),V2 Hard Downtime (s)
rajadas,5.739485135917765,0.6596896021602334,0.1701987477986776,0.0,0.0,91.04035417271585,37.08486268960333,3.322672352523099,0.3747062959124321,0.5300587190591148,781.8990333864999,62.91513731039667,96.6773276474769,289.96618290271914,25.979943006978626,289.96618290271914,25.979943006978587
