Version,Avg Response (ms),P50 (ms),P95 (ms),P99 (ms),Max (ms),Fast Requests (%),Slow Requests (%)
V1,461.4170862494111,4.315375,3006.4759184,3011.24143048,3065.289376,84.77662159636114,15.223378403638858
V2,411.760621568319,4.49875,3006.5542101,3011.6381225,3061.408085,86.44100463771608,13.558995362283923
