{
    "metrics": {
        "http_req_waiting": {
            "med": 1096.47804,
            "max": 3031.384045,
            "p(90)": 2230.712169,
            "p(95)": 2612.153838,
            "avg": 965.4599321052914,
            "min": 0.79652
        },
        "http_req_sending": {
            "min": 0.006684,
            "med": 0.02793,
            "max": 0.156382,
            "p(90)": 0.036724,
            "p(95)": 0.03985,
            "avg": 0.025026860282012772
        },
        "custom_response_time_total": {
            "max": 3031.492174,
            "p(90)": 2230.794182,
            "p(95)": 2612.248036,
            "avg": 965.5371513575982,
            "min": 0.845162,
            "med": 1096.582029
        },
        "http_req_duration{expected_response:true}": {
            "avg": 965.5371513575982,
            "min": 0.845162,
            "med": 1096.582029,
            "max": 3031.492174,
            "p(90)": 2230.794182,
            "p(95)": 2612.248036
        },
        "http_req_connecting": {
            "min": 0,
            "med": 0,
            "max": 0.243594,
            "p(90)": 0,
            "p(95)": 0,
            "avg": 0.0017479597022403558
        },
        "custom_failure_rate": {
            "passes": 0,
            "fails": 13971,
            "value": 0
        },
        "custom_success_rate": {
            "fails": 5844,
            "passes": 8127,
            "value": 0.5817049602748551
        },
        "data_received": {
            "count": 3390285,
            "rate": 9529.408771671497
        },
        "iterations": {
            "count": 13928,
            "rate": 39.14880470870166
        },
        "custom_fallback_count": {
            "count": 5844,
            "rate": 16.42630777697103
        },
        "http_req_duration": {
            "p(95)": 2612.248036,
            "avg": 965.5371513575982,
            "min": 0.845162,
            "med": 1096.582029,
            "max": 3031.492174,
            "p(90)": 2230.794182,
            "thresholds": {
                "p(95)<1000": true
            }
        },
        "custom_success_count": {
            "count": 8127,
            "rate": 22.843361277112177
        },
        "http_req_blocked": {
            "p(95)": 0.0060635,
            "avg": 0.006855844248801064,
            "min": 0.002335,
            "med": 0.003892,
            "max": 0.345523,
            "p(90)": 0.005369
        },
        "http_req_tls_handshaking": {
            "max": 0,
            "p(90)": 0,
            "p(95)": 0,
            "avg": 0,
            "min": 0,
            "med": 0
        },
        "vus": {
            "value": 119,
            "min": 1,
            "max": 119
        },
        "custom_availability_rate": {
            "passes": 13971,
            "fails": 0,
            "value": 1
        },
        "data_sent": {
            "count": 4311129,
            "rate": 12117.715917218573
        },
        "iteration_duration": {
            "avg": 1963.260413284754,
            "min": 1001.130218,
            "med": 2091.170564,
            "max": 4001.640406,
            "p(90)": 3229.9362716000014,
            "p(95)": 3611.2352063999997
        },
        "http_req_failed": {
            "passes": 0,
            "fails": 13971,
            "value": 0
        },
        "custom_response_time_fallback": {
            "avg": 1505.5518219194048,
            "min": 765.685995,
            "med": 1503.6082335,
            "max": 2285.784291,
            "p(90)": 1942.0956316000002,
            "p(95)": 2034.5362783
        },
        "http_reqs": {
            "count": 13971,
            "rate": 39.2696690540832
        },
        "http_req_receiving": {
            "avg": 0.052192392026340344,
            "min": 0.011725,
            "med": 0.049416,
            "max": 0.25237,
            "p(90)": 0.071927,
            "p(95)": 0.0818725
        },
        "custom_fallback_rate": {
            "passes": 5844,
            "fails": 8127,
            "value": 0.4182950397251449
        },
        "vus_max": {
            "value": 150,
            "min": 150,
            "max": 150
        },
        "custom_response_time_success": {
            "avg": 577.2209541429803,
            "min": 0.845162,
            "med": 33.080213,
            "max": 3031.492174,
            "p(90)": 2546.7029712000003,
            "p(95)": 2766.9213441999996
        },
        "checks": {
            "passes": 27942,
            "fails": 0,
            "value": 1
        }
    },
    "root_group": {
        "id": "d41d8cd98f00b204e9800998ecf8427e",
        "groups": {},
        "checks": {
                "resposta valida": {
                    "path": "::resposta valida",
                    "id": "ce808816d29ae732eb130bbd9da91842",
                    "passes": 13971,
                    "fails": 0,
                    "name": "resposta valida"
                },
                "status is 2xx or 202 fallback": {
                    "fails": 0,
                    "name": "status is 2xx or 202 fallback",
                    "path": "::status is 2xx or 202 fallback",
                    "id": "1de0d08ae354291d7ba711eacdb48145",
                    "passes": 13971
                }
            },
        "name": "",
        "path": ""
    }
}