{
    "root_group": {
        "id": "d41d8cd98f00b204e9800998ecf8427e",
        "groups": {},
        "checks": {
                "resposta valida": {
                    "passes": 70997,
                    "fails": 0,
                    "name": "resposta valida",
                    "path": "::resposta valida",
                    "id": "ce808816d29ae732eb130bbd9da91842"
                },
                "status is 2xx or 202 fallback": {
                    "name": "status is 2xx or 202 fallback",
                    "path": "::status is 2xx or 202 fallback",
                    "id": "1de0d08ae354291d7ba711eacdb48145",
                    "passes": 7455,
                    "fails": 63542
                }
            },
        "name": "",
        "path": ""
    },
    "metrics": {
        "custom_availability_rate": {
            "fails": 63542,
            "passes": 7455,
            "value": 0.10500443680718903
        },
        "iteration_duration": {
            "med": 1002.397183,
            "max": 4001.914521,
            "p(90)": 1007.6490438,
            "p(95)": 3018.921836599999,
            "avg": 1130.5904556001278,
            "min": 1001.024491
        },
        "custom_response_time_success": {
            "med": 50.063779,
            "max": 3050.625455,
            "p(90)": 2786.9206758,
            "p(95)": 2903.0220824,
            "avg": 1224.0150090944326,
            "min": 0.880965
        },
        "http_req_waiting": {
            "avg": 129.9332681837255,
            "min": 0.76516,
            "med": 1.476271,
            "max": 3050.572922,
            "p(90)": 6.7190584000000575,
            "p(95)": 2018.0450473999997
        },
        "vus_max": {
            "value": 200,
            "min": 200,
            "max": 200
        },
        "http_reqs": {
            "count": 70997,
            "rate": 131.09716822185814
        },
        "http_req_duration{expected_response:true}": {
            "max": 3050.625455,
            "p(90)": 2786.9206758,
            "p(95)": 2903.0220824,
            "avg": 1224.0150090944326,
            "min": 0.880965,
            "med": 50.063779
        },
        "http_req_failed": {
            "passes": 63542,
            "fails": 7455,
            "thresholds": {
                "rate<0.25": true
            },
            "value": 0.8949955631928109
        },
        "custom_fallback_rate": {
            "passes": 0,
            "fails": 70997,
            "value": 0
        },
        "data_received": {
            "rate": 42111.3382702333,
            "count": 22805822
        },
        "iterations": {
            "count": 70997,
            "rate": 131.09716822185814
        },
        "http_req_duration": {
            "max": 3050.625455,
            "p(90)": 6.877829600000003,
            "p(95)": 2018.1080019999997,
            "avg": 130.02560135157898,
            "min": 0.796684,
            "med": 1.56713,
            "thresholds": {
                "p(95)<1200": true
            }
        },
        "http_req_tls_handshaking": {
            "max": 0,
            "p(90)": 0,
            "p(95)": 0,
            "avg": 0,
            "min": 0,
            "med": 0
        },
        "http_req_receiving": {
            "p(90)": 0.0914924,
            "p(95)": 0.10417819999999998,
            "avg": 0.06371556130540654,
            "min": 0.012468,
            "med": 0.059669,
            "max": 0.533885
        },
        "custom_success_rate": {
            "passes": 7455,
            "fails": 63542,
            "value": 0.10500443680718903
        },
        "custom_failure_rate": {
            "passes": 63542,
            "fails": 7455,
            "value": 0.8949955631928109
        },
        "custom_response_time_total": {
            "avg": 130.02560135157898,
            "min": 0.796684,
            "med": 1.56713,
            "max": 3050.625455,
            "p(90)": 6.877829600000003,
            "p(95)": 2018.1080019999997
        },
        "http_req_connecting": {
            "avg": 0.10826546568164842,
            "min": 0,
            "med": 0.111021,
            "max": 2.892707,
            "p(90)": 0.16173479999999998,
            "p(95)": 0.1888003999999999
        },
        "http_req_blocked": {
            "avg": 0.13685144446948372,
            "min": 0.002171,
            "med": 0.138819,
            "max": 3.006085,
            "p(90)": 0.2021152,
            "p(95)": 0.2337164
        },
        "custom_failure_count": {
            "count": 63542,
            "rate": 117.3313839057046
        },
        "custom_success_count": {
            "count": 7455,
            "rate": 13.765784316153534
        },
        "http_req_sending": {
            "avg": 0.028617606546755582,
            "min": 0.006967,
            "med": 0.024671,
            "max": 1.131138,
            "p(90)": 0.0427804,
            "p(95)": 0.04997559999999999
        },
        "custom_response_time_failure": {
            "avg": 1.67441576215731,
            "min": 0.796684,
            "med": 1.470888,
            "max": 67.997337,
            "p(90)": 2.4010603,
            "p(95)": 2.9225256999999996
        },
        "checks": {
            "fails": 63542,
            "passes": 78452,
            "value": 0.5525022184035945
        },
        "vus": {
            "value": 5,
            "min": 2,
            "max": 200
        },
        "data_sent": {
            "count": 21774549,
            "rate": 40207.07513286608
        }
    }
}