{
    "metrics": {
        "custom_response_time_success": {
            "p(90)": 2818.6449848,
            "p(95)": 2915.8792099999996,
            "avg": 1224.013028384469,
            "min": 0.757833,
            "med": 54.204416,
            "max": 3901.261169
        },
        "custom_response_time_failure": {
            "avg": 14.565200926249734,
            "min": 0.492125,
            "med": 4.224,
            "max": 1346.063292,
            "p(90)": 18.536099600000007,
            "p(95)": 52.13743319999972
        },
        "http_req_duration": {
            "min": 0.492125,
            "med": 4.7571665,
            "max": 3901.261169,
            "p(90)": 51.5256455,
            "p(95)": 2003.406990599997,
            "avg": 140.94318483649636,
            "thresholds": {
                "p(95)<1200": true
            }
        },
        "data_sent": {
            "count": 22066138,
            "rate": 40738.058353116205
        },
        "http_req_connecting": {
            "min": 0,
            "med": 0.171583,
            "max": 228.950667,
            "p(90)": 0.6052081,
            "p(95)": 1.06362705,
            "avg": 0.5730586697518463
        },
        "http_req_waiting": {
            "avg": 140.68653325133948,
            "min": 0.457084,
            "med": 4.5755,
            "max": 3900.982085,
            "p(90)": 51.24122860000003,
            "p(95)": 2003.334670099997
        },
        "vus": {
            "value": 2,
            "min": 2,
            "max": 200
        },
        "custom_fallback_rate": {
            "passes": 0,
            "fails": 70120,
            "value": 0
        },
        "custom_response_time_total": {
            "min": 0.492125,
            "med": 4.7571665,
            "max": 3901.261169,
            "p(90)": 51.5256455,
            "p(95)": 2003.406990599997,
            "avg": 140.94318483649636
        },
        "custom_success_rate": {
            "passes": 7327,
            "fails": 62793,
            "value": 0.10449229891614376
        },
        "custom_failure_count": {
            "count": 62793,
            "rate": 115.92716850439466
        },
        "vus_max": {
            "value": 200,
            "min": 200,
            "max": 200
        },
        "custom_availability_rate": {
            "passes": 7327,
            "fails": 62793,
            "value": 0.10449229891614376
        },
        "checks": {
            "fails": 62793,
            "passes": 77447,
            "value": 0.5522461494580718
        },
        "http_req_blocked": {
            "min": 0,
            "med": 0.23320849999999999,
            "max": 243.964375,
            "p(90)": 0.8018792,
            "p(95)": 1.3777163499999994,
            "avg": 0.7439125049201307
        },
        "iterations": {
            "count": 70120,
            "rate": 129.45412793668328
        },
        "http_req_duration{expected_response:true}": {
            "avg": 1224.013028384469,
            "min": 0.757833,
            "med": 54.204416,
            "max": 3901.261169,
            "p(90)": 2818.6449848,
            "p(95)": 2915.8792099999996
        },
        "custom_success_count": {
            "count": 7327,
            "rate": 13.526959432288624
        },
        "http_reqs": {
            "count": 70120,
            "rate": 129.45412793668328
        },
        "http_req_receiving": {
            "avg": 0.1360432024244148,
            "min": 0.007458,
            "med": 0.080833,
            "max": 82.424417,
            "p(90)": 0.196333,
            "p(95)": 0.2835
        },
        "data_received": {
            "count": 22530739,
            "rate": 41595.79533676582
        },
        "http_req_failed": {
            "passes": 62793,
            "fails": 7327,
            "thresholds": {
                "rate<0.25": true
            },
            "value": 0.8955077010838562
        },
        "iteration_duration": {
            "avg": 1144.7742594526544,
            "min": 1000.672917,
            "med": 1007.2170635,
            "max": 4903.508253,
            "p(90)": 1060.1225843,
            "p(95)": 3004.129257549997
        },
        "custom_failure_rate": {
            "passes": 62793,
            "fails": 7327,
            "value": 0.8955077010838562
        },
        "http_req_tls_handshaking": {
            "p(90)": 0,
            "p(95)": 0,
            "avg": 0,
            "min": 0,
            "med": 0,
            "max": 0
        },
        "http_req_sending": {
            "avg": 0.12060838272960633,
            "min": -1.554473,
            "med": 0.036083,
            "max": 102.427834,
            "p(90)": 0.10812910000000006,
            "p(95)": 0.198875
        }
    },
    "root_group": {
        "name": "",
        "path": "",
        "id": "d41d8cd98f00b204e9800998ecf8427e",
        "groups": {},
        "checks": {
                "resposta valida": {
                    "name": "resposta valida",
                    "path": "::resposta valida",
                    "id": "ce808816d29ae732eb130bbd9da91842",
                    "passes": 70120,
                    "fails": 0
                },
                "status is 2xx or 202 fallback": {
                    "id": "1de0d08ae354291d7ba711eacdb48145",
                    "passes": 7327,
                    "fails": 62793,
                    "name": "status is 2xx or 202 fallback",
                    "path": "::status is 2xx or 202 fallback"
                }
            }
    }
}