{
    "metrics": {
        "custom_fallback_rate": {
            "fails": 7364,
            "passes": 63436,
            "value": 0.8959887005649717
        },
        "http_req_tls_handshaking": {
            "avg": 0,
            "min": 0,
            "med": 0,
            "max": 0,
            "p(90)": 0,
            "p(95)": 0
        },
        "http_reqs": {
            "count": 70800,
            "rate": 130.7498929218627
        },
        "http_req_duration": {
            "avg": 132.19071658605807,
            "min": 0.521583,
            "med": 4.852729,
            "max": 3081.16471,
            "p(90)": 28.201883000000006,
            "p(95)": 185.6546937499986,
            "thresholds": {
                "p(95)<1200": false
            }
        },
        "http_req_failed": {
            "passes": 0,
            "fails": 70800,
            "thresholds": {
                "rate<0.25": false
            },
            "value": 0
        },
        "http_req_connecting": {
            "p(95)": 0,
            "avg": 0.006309951807909599,
            "min": 0,
            "med": 0,
            "max": 24.44075,
            "p(90)": 0
        },
        "checks": {
            "passes": 141600,
            "fails": 0,
            "value": 1
        },
        "http_req_sending": {
            "min": 0.003167,
            "med": 0.022084,
            "max": 71.7315,
            "p(90)": 0.063625,
            "p(95)": 0.10162709999999986,
            "avg": 0.046927873997175705
        },
        "custom_success_count": {
            "count": 7364,
            "rate": 13.599466263793744
        },
        "data_sent": {
            "count": 22280026,
            "rate": 41145.63578808358
        },
        "custom_failure_rate": {
            "passes": 0,
            "fails": 70800,
            "value": 0
        },
        "custom_availability_rate": {
            "passes": 70800,
            "fails": 0,
            "value": 1
        },
        "custom_response_time_fallback": {
            "med": 4.377312,
            "max": 458.455625,
            "p(90)": 12.742041500000001,
            "p(95)": 17.691437249999996,
            "avg": 7.107664938394677,
            "min": 0.521583
        },
        "data_received": {
            "count": 26383187,
            "rate": 48723.147954625434
        },
        "http_req_receiving": {
            "avg": 0.06974707830508443,
            "min": 0.005625,
            "med": 0.045125,
            "max": 34.358209,
            "p(90)": 0.121666,
            "p(95)": 0.167833
        },
        "custom_success_rate": {
            "fails": 63436,
            "passes": 7364,
            "value": 0.10401129943502825
        },
        "iterations": {
            "count": 70800,
            "rate": 130.7498929218627
        },
        "custom_response_time_total": {
            "max": 3081.16471,
            "p(90)": 28.201883000000006,
            "p(95)": 185.6546937499986,
            "avg": 132.19071658605807,
            "min": 0.521583,
            "med": 4.852729
        },
        "vus": {
            "value": 2,
            "min": 2,
            "max": 200
        },
        "iteration_duration": {
            "avg": 1134.1145969496135,
            "min": 1000.787584,
            "med": 1006.82648,
            "max": 4083.213294,
            "p(90)": 1031.3824301,
            "p(95)": 1189.2396072499987
        },
        "http_req_duration{expected_response:true}": {
            "med": 4.852729,
            "max": 3081.16471,
            "p(90)": 28.201883000000006,
            "p(95)": 185.6546937499986,
            "avg": 132.19071658605807,
            "min": 0.521583
        },
        "http_req_blocked": {
            "avg": 0.019224010790960897,
            "min": 0.000916,
            "med": 0.005833,
            "max": 34.905083,
            "p(90)": 0.016416100000000003,
            "p(95)": 0.023334
        },
        "http_req_waiting": {
            "avg": 132.07404163375531,
            "min": 0.506375,
            "med": 4.739,
            "max": 3081.01671,
            "p(90)": 28.032758600000008,
            "p(95)": 185.56531694999856
        },
        "custom_fallback_count": {
            "count": 63436,
            "rate": 117.15042665806898
        },
        "vus_max": {
            "value": 200,
            "min": 200,
            "max": 200
        },
        "custom_response_time_success": {
            "p(95)": 2898.70462695,
            "avg": 1209.6986557931823,
            "min": 0.918,
            "med": 54.7036255,
            "max": 3081.16471,
            "p(90)": 2797.1210724
        }
    },
    "root_group": {
        "path": "",
        "id": "d41d8cd98f00b204e9800998ecf8427e",
        "groups": {},
        "checks": {
                "resposta valida": {
                    "path": "::resposta valida",
                    "id": "ce808816d29ae732eb130bbd9da91842",
                    "passes": 70800,
                    "fails": 0,
                    "name": "resposta valida"
                },
                "status is 2xx or 202 fallback": {
                    "path": "::status is 2xx or 202 fallback",
                    "id": "1de0d08ae354291d7ba711eacdb48145",
                    "passes": 70800,
                    "fails": 0,
                    "name": "status is 2xx or 202 fallback"
                }
            },
        "name": ""
    }
}