{
    "metrics": {
        "custom_fallback_count": {
            "count": 75278,
            "rate": 138.9658825331886
        },
        "iteration_duration": {
            "avg": 1031.2677670864994,
            "min": 1000.298709,
            "med": 1005.2861675,
            "max": 4134.90971,
            "p(90)": 1014.1603545,
            "p(95)": 1026.3045525
        },
        "vus_max": {
            "max": 200,
            "value": 200,
            "min": 200
        },
        "http_req_blocked": {
            "avg": 0.0219184348250779,
            "min": 0.000875,
            "med": 0.005959,
            "max": 98.583625,
            "p(90)": 0.016458,
            "p(95)": 0.023458
        },
        "http_req_waiting": {
            "avg": 28.39380910398947,
            "min": 0.133458,
            "med": 2.602833,
            "max": 3133.333585,
            "p(90)": 10.203937500000002,
            "p(95)": 20.35066674999998
        },
        "custom_failure_rate": {
            "passes": 0,
            "fails": 77806,
            "value": 0
        },
        "http_req_failed": {
            "passes": 0,
            "fails": 77806,
            "thresholds": {
                "rate<0.25": false
            },
            "value": 0
        },
        "http_req_receiving": {
            "avg": 0.06304995091638224,
            "min": 0.004667,
            "med": 0.03475,
            "max": 83.924125,
            "p(90)": 0.10139550000000008,
            "p(95)": 0.14223974999999986
        },
        "custom_success_rate": {
            "passes": 2528,
            "fails": 75278,
            "value": 0.032491067526925946
        },
        "http_req_tls_handshaking": {
            "min": 0,
            "med": 0,
            "max": 0,
            "p(90)": 0,
            "p(95)": 0,
            "avg": 0
        },
        "custom_fallback_rate": {
            "passes": 75278,
            "fails": 2528,
            "value": 0.967508932473074
        },
        "custom_response_time_total": {
            "p(90)": 10.408104,
            "p(95)": 20.62666674999999,
            "avg": 28.523104021386516,
            "min": 0.17275,
            "med": 2.7070835,
            "max": 3133.501668
        },
        "custom_success_count": {
            "count": 2528,
            "rate": 4.666778488321963
        },
        "data_received": {
            "count": 14000956,
            "rate": 25846.265932255665
        },
        "http_req_sending": {
            "p(90)": 0.070458,
            "p(95)": 0.14882274999999986,
            "avg": 0.06624496648073419,
            "min": 0.00325,
            "med": 0.021667,
            "max": 165.0245
        },
        "http_req_duration{expected_response:true}": {
            "med": 2.7070835,
            "max": 3133.501668,
            "p(90)": 10.408104,
            "p(95)": 20.62666674999999,
            "avg": 28.523104021386516,
            "min": 0.17275
        },
        "data_sent": {
            "count": 24486717,
            "rate": 45203.356070105896
        },
        "http_req_duration": {
            "med": 2.7070835,
            "max": 3133.501668,
            "p(90)": 10.408104,
            "p(95)": 20.62666674999999,
            "avg": 28.523104021386516,
            "min": 0.17275,
            "thresholds": {
                "p(95)<1200": false
            }
        },
        "http_req_connecting": {
            "avg": 0.007864362439914658,
            "min": 0,
            "med": 0,
            "max": 22.091375,
            "p(90)": 0,
            "p(95)": 0
        },
        "custom_availability_rate": {
            "passes": 77806,
            "fails": 0,
            "value": 1
        },
        "checks": {
            "passes": 155612,
            "fails": 0,
            "value": 1
        },
        "custom_response_time_success": {
            "p(95)": 2826.1988008999997,
            "avg": 730.9957151024528,
            "min": 1.781292,
            "med": 50.647521,
            "max": 3133.501668,
            "p(90)": 2634.6764580000004
        },
        "iterations": {
            "count": 77806,
            "rate": 143.63266102151053
        },
        "http_reqs": {
            "count": 77806,
            "rate": 143.63266102151053
        },
        "custom_response_time_fallback": {
            "p(90)": 8.4738876,
            "p(95)": 12.829241199999993,
            "avg": 4.932536248425857,
            "min": 0.17275,
            "med": 2.622271,
            "max": 310.958876
        },
        "vus": {
            "value": 2,
            "min": 2,
            "max": 200
        }
    },
    "root_group": {
        "checks": {
            "resposta valida": {
                "name": "resposta valida",
                "path": "::resposta valida",
                "id": "ce808816d29ae732eb130bbd9da91842",
                "passes": 77806,
                "fails": 0
            },
            "status is 2xx or 202 fallback": {
                "name": "status is 2xx or 202 fallback",
                "path": "::status is 2xx or 202 fallback",
                "id": "1de0d08ae354291d7ba711eacdb48145",
                "passes": 77806,
                "fails": 0
            }
        },
        "name": "",
        "path": "",
        "id": "d41d8cd98f00b204e9800998ecf8427e",
        "groups": {}
    }
}