{
    "root_group": {
        "name": "",
        "path": "",
        "id": "d41d8cd98f00b204e9800998ecf8427e",
        "groups": {},
        "checks": {
                "resposta valida": {
                    "passes": 37809,
                    "fails": 0,
                    "name": "resposta valida",
                    "path": "::resposta valida",
                    "id": "ce808816d29ae732eb130bbd9da91842"
                },
                "status is 2xx or 202 fallback": {
                    "name": "status is 2xx or 202 fallback",
                    "path": "::status is 2xx or 202 fallback",
                    "id": "1de0d08ae354291d7ba711eacdb48145",
                    "passes": 19868,
                    "fails": 17941
                }
            }
    },
    "metrics": {
        "http_req_failed": {
            "passes": 17941,
            "fails": 19868,
            "value": 0.4745166494749927
        },
        "custom_response_time_success": {
            "max": 3008.783668,
            "p(90)": 2613.3421054,
            "p(95)": 2806.89999115,
            "avg": 661.3388963362204,
            "min": 0.772958,
            "med": 39.461354
        },
        "http_req_blocked": {
            "p(90)": 0.4146836000000001,
            "p(95)": 0.5068417999999999,
            "avg": 0.1558583937686796,
            "min": 0.001292,
            "med": 0.019833,
            "max": 10.972667
        },
        "custom_fallback_rate": {
            "passes": 0,
            "fails": 37809,
            "value": 0
        },
        "data_received": {
            "count": 9043952,
            "rate": 11566.57251476343
        },
        "custom_response_time_failure": {
            "avg": 1507.9507152565016,
            "min": 762.151792,
            "med": 1505.601959,
            "max": 2257.181126,
            "p(90)": 1941.501709,
            "p(95)": 2036.362751
        },
        "http_req_connecting": {
            "p(95)": 0.38313339999999985,
            "avg": 0.11426667507736232,
            "min": 0,
            "med": 0,
            "max": 10.908917,
            "p(90)": 0.311292
        },
        "custom_failure_count": {
            "count": 17941,
            "rate": 22.945265243266515
        },
        "http_req_waiting": {
            "min": 0.733166,
            "med": 1235.930167,
            "max": 3008.578293,
            "p(90)": 2256.0469978,
            "p(95)": 2630.2223598,
            "avg": 1062.9037605979768
        },
        "checks": {
            "passes": 57677,
            "fails": 17941,
            "value": 0.7627416752625036
        },
        "data_sent": {
            "count": 11910243,
            "rate": 15232.355205772159
        },
        "http_reqs": {
            "count": 37809,
            "rate": 48.355026675361664
        },
        "http_req_receiving": {
            "p(90)": 0.19792520000000005,
            "p(95)": 0.22604159999999998,
            "avg": 0.11859093821576835,
            "min": 0.008041,
            "med": 0.108375,
            "max": 2.7495
        },
        "http_req_duration": {
            "avg": 1063.070300056193,
            "min": 0.772958,
            "med": 1236.135251,
            "max": 3008.783668,
            "p(90)": 2256.1651394,
            "p(95)": 2630.3819596,
            "thresholds": {
                "p(95)<1000": true
            }
        },
        "vus": {
            "value": 1,
            "min": 1,
            "max": 150
        },
        "custom_failure_rate": {
            "passes": 17941,
            "fails": 19868,
            "value": 0.4745166494749927
        },
        "custom_success_rate": {
            "passes": 19868,
            "fails": 17941,
            "value": 0.5254833505250073
        },
        "iteration_duration": {
            "min": 1001.592918,
            "med": 2238.102501,
            "max": 4012.359752,
            "p(90)": 3258.3885266,
            "p(95)": 3633.1502936,
            "avg": 2065.25217405084
        },
        "custom_success_count": {
            "count": 19868,
            "rate": 25.409761432095152
        },
        "vus_max": {
            "value": 150,
            "min": 150,
            "max": 150
        },
        "custom_response_time_total": {
            "avg": 1063.070300056193,
            "min": 0.772958,
            "med": 1236.135251,
            "max": 3008.783668,
            "p(90)": 2256.1651394,
            "p(95)": 2630.3819596
        },
        "http_req_sending": {
            "min": 0.004875,
            "med": 0.042084,
            "max": 5.0375,
            "p(90)": 0.08079120000000001,
            "p(95)": 0.095792,
            "avg": 0.047948520008463176
        },
        "custom_availability_rate": {
            "passes": 19868,
            "fails": 17941,
            "value": 0.5254833505250073
        },
        "http_req_duration{expected_response:true}": {
            "p(90)": 2613.3421054,
            "p(95)": 2806.89999115,
            "avg": 661.3388963362204,
            "min": 0.772958,
            "med": 39.461354,
            "max": 3008.783668
        },
        "http_req_tls_handshaking": {
            "min": 0,
            "med": 0,
            "max": 0,
            "p(90)": 0,
            "p(95)": 0,
            "avg": 0
        },
        "iterations": {
            "count": 37809,
            "rate": 48.355026675361664
        }
    }
}