{
    "root_group": {
        "name": "",
        "path": "",
        "id": "d41d8cd98f00b204e9800998ecf8427e",
        "groups": {},
        "checks": {
                "resposta valida": {
                    "name": "resposta valida",
                    "path": "::resposta valida",
                    "id": "ce808816d29ae732eb130bbd9da91842",
                    "passes": 64049,
                    "fails": 0
                },
                "status is 2xx or 202 fallback": {
                    "name": "status is 2xx or 202 fallback",
                    "path": "::status is 2xx or 202 fallback",
                    "id": "1de0d08ae354291d7ba711eacdb48145",
                    "passes": 60899,
                    "fails": 3150
                }
            }
    },
    "metrics": {
        "iterations": {
            "count": 64049,
            "rate": 82.04924220422586
        },
        "http_req_duration{expected_response:true}": {
            "med": 3.475916,
            "max": 3173.210668,
            "p(90)": 54.044166200000014,
            "p(95)": 2428.2699138000003,
            "avg": 226.50799216450213,
            "min": 0.145417
        },
        "http_req_failed": {
            "fails": 60899,
            "passes": 3150,
            "value": 0.04918109572358663
        },
        "vus_max": {
            "max": 150,
            "value": 150,
            "min": 150
        },
        "http_req_duration": {
            "avg": 215.68082456152342,
            "min": 0.145417,
            "med": 3.667,
            "max": 3173.210668,
            "p(90)": 52.860033200000025,
            "p(95)": 2405.150642799998,
            "thresholds": {
                "p(95)<1000": true
            }
        },
        "custom_success_rate": {
            "passes": 20702,
            "fails": 43347,
            "value": 0.32322128370466363
        },
        "data_sent": {
            "count": 20162529,
            "rate": 25828.97820997561
        },
        "http_req_tls_handshaking": {
            "avg": 0,
            "min": 0,
            "med": 0,
            "max": 0,
            "p(90)": 0,
            "p(95)": 0
        },
        "custom_fallback_rate": {
            "passes": 40197,
            "fails": 23852,
            "value": 0.6275976205717497
        },
        "custom_availability_rate": {
            "passes": 60899,
            "fails": 3150,
            "value": 0.9508189042764134
        },
        "custom_response_time_success": {
            "max": 3173.210668,
            "p(90)": 2617.9973957,
            "p(95)": 2819.56975935,
            "avg": 661.1854108087151,
            "min": 0.645083,
            "med": 39.994625
        },
        "custom_response_time_failure": {
            "p(90)": 8.8109378,
            "p(95)": 10.288506399999997,
            "avg": 6.359021433333335,
            "min": 0.985792,
            "med": 5.962229000000001,
            "max": 187.45775
        },
        "vus": {
            "value": 3,
            "min": 1,
            "max": 150
        },
        "http_req_blocked": {
            "p(95)": 0.215125,
            "avg": 0.034930868350794356,
            "min": 0.000833,
            "med": 0.007416,
            "max": 9.068583,
            "p(90)": 0.01775
        },
        "http_req_sending": {
            "max": 8.059167,
            "p(90)": 0.06475820000000006,
            "p(95)": 0.084792,
            "avg": 0.040145958641040404,
            "min": 0.002834,
            "med": 0.02675
        },
        "checks": {
            "passes": 124948,
            "fails": 3150,
            "value": 0.9754094521382067
        },
        "custom_response_time_fallback": {
            "avg": 2.6432281081672704,
            "min": 0.145417,
            "med": 2.251708,
            "max": 16.419,
            "p(90)": 4.8101166,
            "p(95)": 5.8793498
        },
        "data_received": {
            "count": 10601289,
            "rate": 13580.660569844891
        },
        "http_reqs": {
            "count": 64049,
            "rate": 82.04924220422586
        },
        "custom_failure_rate": {
            "fails": 60899,
            "passes": 3150,
            "value": 0.04918109572358663
        },
        "iteration_duration": {
            "med": 1007.633875,
            "max": 4174.245044,
            "p(90)": 1055.1962754,
            "p(95)": 3407.466601999999,
            "avg": 1218.5398068993086,
            "min": 1000.364542
        },
        "custom_fallback_count": {
            "count": 40197,
            "rate": 51.49390917708734
        },
        "http_req_connecting": {
            "avg": 0.019607425346219252,
            "min": 0,
            "med": 0,
            "max": 8.975542,
            "p(90)": 0,
            "p(95)": 0.14721679999999976
        },
        "http_req_receiving": {
            "avg": 0.06924165221939478,
            "min": 0.004125,
            "med": 0.048708,
            "max": 9.435416,
            "p(90)": 0.135625,
            "p(95)": 0.170917
        },
        "custom_success_count": {
            "count": 20702,
            "rate": 26.520061392244745
        },
        "http_req_waiting": {
            "min": 0.134584,
            "med": 3.572125,
            "max": 3173.065793,
            "p(90)": 52.71115000000001,
            "p(95)": 2405.001317599998,
            "avg": 215.57143695066318
        },
        "custom_failure_count": {
            "count": 3150,
            "rate": 4.0352716348937765
        },
        "custom_response_time_total": {
            "min": 0.145417,
            "med": 3.667,
            "max": 3173.210668,
            "p(90)": 52.860033200000025,
            "p(95)": 2405.150642799998,
            "avg": 215.68082456152342
        }
    }
}