{
    "root_group": {
        "name": "",
        "path": "",
        "id": "d41d8cd98f00b204e9800998ecf8427e",
        "groups": {},
        "checks": {
                "resposta valida": {
                    "id": "ce808816d29ae732eb130bbd9da91842",
                    "passes": 66097,
                    "fails": 0,
                    "name": "resposta valida",
                    "path": "::resposta valida"
                },
                "status is 2xx or 202 fallback": {
                    "fails": 0,
                    "name": "status is 2xx or 202 fallback",
                    "path": "::status is 2xx or 202 fallback",
                    "id": "1de0d08ae354291d7ba711eacdb48145",
                    "passes": 66097
                }
            }
    },
    "metrics": {
        "custom_fallback_count": {
            "count": 48380,
            "rate": 61.792360410432565
        },
        "http_reqs": {
            "count": 66097,
            "rate": 84.42103443671685
        },
        "data_received": {
            "count": 11300256,
            "rate": 14433.019666848968
        },
        "http_req_sending": {
            "p(95)": 0.122334,
            "avg": 0.062373301208828835,
            "min": 0.003125,
            "med": 0.029291,
            "max": 37.305,
            "p(90)": 0.0776664
        },
        "vus": {
            "value": 1,
            "min": 1,
            "max": 150
        },
        "http_req_connecting": {
            "max": 11.7065,
            "p(90)": 0,
            "p(95)": 0,
            "avg": 0.007942336762636743,
            "min": 0,
            "med": 0
        },
        "iterations": {
            "count": 66097,
            "rate": 84.42103443671685
        },
        "http_req_waiting": {
            "p(90)": 50.41325,
            "p(95)": 2264.239434,
            "avg": 177.41306927329535,
            "min": 0,
            "med": 3.7085,
            "max": 3105.504669
        },
        "http_req_tls_handshaking": {
            "p(95)": 0,
            "avg": 0,
            "min": 0,
            "med": 0,
            "max": 0,
            "p(90)": 0
        },
        "http_req_failed": {
            "fails": 66097,
            "passes": 0,
            "value": 0
        },
        "custom_response_time_total": {
            "avg": 177.55542344826824,
            "min": 0.1025,
            "med": 3.829167,
            "max": 3105.713668,
            "p(90)": 50.580049800000005,
            "p(95)": 2264.3806011999995
        },
        "custom_fallback_rate": {
            "fails": 17717,
            "passes": 48380,
            "value": 0.7319545516437962
        },
        "iteration_duration": {
            "avg": 1180.4990647850047,
            "min": 1000.324833,
            "med": 1007.3415,
            "max": 4181.995044,
            "p(90)": 1053.030667,
            "p(95)": 3266.666685
        },
        "custom_success_rate": {
            "passes": 17717,
            "fails": 48380,
            "value": 0.26804544835620375
        },
        "custom_response_time_fallback": {
            "p(90)": 7.1105795,
            "p(95)": 11.11538544999999,
            "avg": 4.660431826684603,
            "min": 0.1025,
            "med": 2.6551665,
            "max": 277.461167
        },
        "http_req_receiving": {
            "p(95)": 0.18543359999999975,
            "avg": 0.07998087376129046,
            "min": 0.004708,
            "med": 0.048125,
            "max": 53.539584,
            "p(90)": 0.1425
        },
        "vus_max": {
            "value": 150,
            "min": 150,
            "max": 150
        },
        "data_sent": {
            "count": 20809719,
            "rate": 26578.785789330846
        },
        "http_req_blocked": {
            "min": 0.001042,
            "med": 0.008083,
            "max": 40.695125,
            "p(90)": 0.020292,
            "p(95)": 0.02975819999999988,
            "avg": 0.02495826736463122
        },
        "http_req_duration": {
            "max": 3105.713668,
            "p(90)": 50.580049800000005,
            "p(95)": 2264.3806011999995,
            "avg": 177.55542344826824,
            "min": 0.1025,
            "med": 3.829167,
            "thresholds": {
                "p(95)<1000": true
            }
        },
        "http_req_duration{expected_response:true}": {
            "max": 3105.713668,
            "p(90)": 50.580049800000005,
            "p(95)": 2264.3806011999995,
            "avg": 177.55542344826824,
            "min": 0.1025,
            "med": 3.829167
        },
        "custom_success_count": {
            "count": 17717,
            "rate": 22.628674026284287
        },
        "checks": {
            "fails": 0,
            "passes": 132194,
            "value": 1
        },
        "custom_failure_rate": {
            "passes": 0,
            "fails": 66097,
            "value": 0
        },
        "custom_availability_rate": {
            "passes": 66097,
            "fails": 0,
            "value": 1
        },
        "custom_response_time_success": {
            "avg": 649.6816126818912,
            "min": 0.934291,
            "med": 41.041375,
            "max": 3105.713668,
            "p(90)": 2616.00912,
            "p(95)": 2817.5693564
        }
    }
}