{
    "root_group": {
        "name": "",
        "path": "",
        "id": "d41d8cd98f00b204e9800998ecf8427e",
        "groups": {},
        "checks": {
                "resposta valida": {
                    "name": "resposta valida",
                    "path": "::resposta valida",
                    "id": "ce808816d29ae732eb130bbd9da91842",
                    "passes": 37775,
                    "fails": 0
                },
                "status is 2xx or 202 fallback": {
                    "name": "status is 2xx or 202 fallback",
                    "path": "::status is 2xx or 202 fallback",
                    "id": "1de0d08ae354291d7ba711eacdb48145",
                    "passes": 19978,
                    "fails": 17797
                }
            }
    },
    "metrics": {
        "http_req_connecting": {
            "p(95)": 0.4185045999999995,
            "avg": 0.15744273207147438,
            "min": 0,
            "med": 0,
            "max": 55.265125,
            "p(90)": 0.2632830000000001
        },
        "custom_success_rate": {
            "passes": 19978,
            "fails": 17797,
            "value": 0.5288682991396426
        },
        "data_received": {
            "count": 9061087,
            "rate": 11591.915299819775
        },
        "iteration_duration": {
            "avg": 2066.4196729044784,
            "min": 1001.379875,
            "med": 2240.792751,
            "max": 4153.92521,
            "p(90)": 3276.2970928,
            "p(95)": 3636.0611394
        },
        "http_req_duration": {
            "avg": 1064.6526173666937,
            "min": 0.9705,
            "med": 1239.093126,
            "max": 3120.513654,
            "p(90)": 2274.5339676,
            "p(95)": 2633.557100999999,
            "thresholds": {
                "p(95)<1000": true
            }
        },
        "http_reqs": {
            "count": 37775,
            "rate": 48.32583557035618
        },
        "http_req_duration{expected_response:true}": {
            "p(95)": 2806.6074393999997,
            "avg": 668.1898585173717,
            "min": 0.9705,
            "med": 39.038646,
            "max": 3120.513654,
            "p(90)": 2611.6007475
        },
        "http_req_waiting": {
            "min": 0.923417,
            "med": 1238.886709,
            "max": 3120.355904,
            "p(90)": 2274.417226,
            "p(95)": 2633.4213634999987,
            "avg": 1064.4690279101242
        },
        "custom_fallback_rate": {
            "passes": 0,
            "fails": 37775,
            "value": 0
        },
        "vus_max": {
            "min": 150,
            "max": 150,
            "value": 150
        },
        "custom_availability_rate": {
            "passes": 19978,
            "fails": 17797,
            "value": 0.5288682991396426
        },
        "iterations": {
            "count": 37775,
            "rate": 48.32583557035618
        },
        "custom_response_time_total": {
            "p(90)": 2274.5339676,
            "p(95)": 2633.557100999999,
            "avg": 1064.6526173666937,
            "min": 0.9705,
            "med": 1239.093126,
            "max": 3120.513654
        },
        "custom_failure_rate": {
            "passes": 17797,
            "fails": 19978,
            "value": 0.4711317008603574
        },
        "http_req_blocked": {
            "avg": 0.21096362284579728,
            "min": 0.001416,
            "med": 0.036,
            "max": 78.304084,
            "p(90)": 0.35655040000000005,
            "p(95)": 0.5767713999999997
        },
        "http_req_tls_handshaking": {
            "avg": 0,
            "min": 0,
            "med": 0,
            "max": 0,
            "p(90)": 0,
            "p(95)": 0
        },
        "custom_success_count": {
            "rate": 25.558002462596313,
            "count": 19978
        },
        "custom_response_time_failure": {
            "avg": 1509.7013894233341,
            "min": 759.178625,
            "med": 1503.878126,
            "max": 2327.712543,
            "p(90)": 1944.6162514,
            "p(95)": 2035.3368514000001
        },
        "http_req_sending": {
            "med": 0.031416,
            "max": 46.240875,
            "p(90)": 0.07977460000000003,
            "p(95)": 0.123625,
            "avg": 0.05606794390469878,
            "min": 0.004875
        },
        "checks": {
            "passes": 57753,
            "fails": 17797,
            "value": 0.7644341495698214
        },
        "vus": {
            "value": 1,
            "min": 1,
            "max": 150
        },
        "data_sent": {
            "count": 12013101,
            "rate": 15368.448540465424
        },
        "http_req_receiving": {
            "p(90)": 0.2014166,
            "p(95)": 0.2884667999999997,
            "avg": 0.1275215126671079,
            "min": 0.009792,
            "med": 0.084292,
            "max": 27.223583
        },
        "custom_failure_count": {
            "count": 17797,
            "rate": 22.767833107759866
        },
        "http_req_failed": {
            "passes": 17797,
            "fails": 19978,
            "value": 0.4711317008603574
        },
        "custom_response_time_success": {
            "min": 0.9705,
            "med": 39.038646,
            "max": 3120.513654,
            "p(90)": 2611.6007475,
            "p(95)": 2806.6074393999997,
            "avg": 668.1898585173717
        }
    }
}