{
    "metrics": {
        "http_req_duration": {
            "max": 3274.781418,
            "p(90)": 3005.6845181999997,
            "p(95)": 3007.7612426,
            "avg": 609.8755394262398,
            "min": 0,
            "med": 4.666875,
            "thresholds": {
                "p(95)<1000": true
            }
        },
        "http_req_sending": {
            "p(95)": 0.112708,
            "avg": 0.06723530878315599,
            "min": 0,
            "med": 0.033333,
            "max": 118.603,
            "p(90)": 0.081458
        },
        "http_req_connecting": {
            "max": 113.792792,
            "p(90)": 0.11760800000000027,
            "p(95)": 0.3317253999999993,
            "avg": 0.0559091674063371,
            "min": 0,
            "med": 0
        },
        "vus_max": {
            "value": 150,
            "min": 150,
            "max": 150
        },
        "data_received": {
            "count": 9214504,
            "rate": 11783.822392335502
        },
        "http_req_failed": {
            "passes": 4837,
            "fails": 43608,
            "value": 0.09984518526163691
        },
        "iterations": {
            "count": 48445,
            "rate": 61.95312040633912
        },
        "http_req_waiting": {
            "p(95)": 3007.5466516,
            "avg": 609.6877504035302,
            "min": 0,
            "med": 4.508375,
            "max": 3274.406876,
            "p(90)": 3005.512409
        },
        "http_reqs": {
            "count": 48445,
            "rate": 61.95312040633912
        },
        "http_req_blocked": {
            "avg": 0.09392899516977954,
            "min": 0,
            "med": 0.0095,
            "max": 142.462584,
            "p(90)": 0.2001334000000001,
            "p(95)": 0.4682835999999999
        },
        "http_req_duration{expected_response:true}": {
            "p(95)": 3008.08176625,
            "avg": 676.6738341178492,
            "min": 0.579333,
            "med": 4.486416999999999,
            "max": 3274.781418,
            "p(90)": 3005.9972511
        },
        "checks": {
            "passes": 48444,
            "fails": 1,
            "value": 0.9999793580348849
        },
        "http_req_tls_handshaking": {
            "avg": 0,
            "min": 0,
            "med": 0,
            "max": 0,
            "p(90)": 0,
            "p(95)": 0
        },
        "iteration_duration": {
            "med": 1006.470375,
            "max": 4278.521335,
            "p(90)": 4007.3482348000002,
            "p(95)": 4009.9557606,
            "avg": 1611.8684461384855,
            "min": 1000.808667
        },
        "http_req_receiving": {
            "p(95)": 0.2396165999999999,
            "avg": 0.12055371392300501,
            "min": -1.268139,
            "med": 0.084834,
            "max": 112.502,
            "p(90)": 0.18527460000000004
        },
        "vus": {
            "value": 1,
            "min": 1,
            "max": 150
        },
        "data_sent": {
            "count": 10724412,
            "rate": 13714.744306392571
        }
    },
    "root_group": {
        "name": "",
        "path": "",
        "id": "d41d8cd98f00b204e9800998ecf8427e",
        "groups": {},
        "checks": {
                "resposta valida": {
                    "id": "ce808816d29ae732eb130bbd9da91842",
                    "passes": 48444,
                    "fails": 1,
                    "name": "resposta valida",
                    "path": "::resposta valida"
                }
            }
    }
}