{
    "root_group": {
        "name": "",
        "path": "",
        "id": "d41d8cd98f00b204e9800998ecf8427e",
        "groups": {},
        "checks": {
                "resposta valida": {
                    "name": "resposta valida",
                    "path": "::resposta valida",
                    "id": "ce808816d29ae732eb130bbd9da91842",
                    "passes": 62420,
                    "fails": 0
                },
                "status is 2xx or 202 fallback": {
                    "passes": 22236,
                    "fails": 40184,
                    "name": "status is 2xx or 202 fallback",
                    "path": "::status is 2xx or 202 fallback",
                    "id": "1de0d08ae354291d7ba711eacdb48145"
                }
            }
    },
    "metrics": {
        "custom_response_time_success": {
            "avg": 679.9137838206068,
            "min": 0.552486,
            "med": 39.410021,
            "max": 3079.34396,
            "p(90)": 2620.1929805,
            "p(95)": 2812.7087885
        },
        "checks": {
            "passes": 84656,
            "fails": 40184,
            "value": 0.6781159884652355
        },
        "http_req_duration{expected_response:true}": {
            "avg": 679.9137838206068,
            "min": 0.552486,
            "med": 39.410021,
            "max": 3079.34396,
            "p(90)": 2620.1929805,
            "p(95)": 2812.7087885
        },
        "http_req_sending": {
            "med": 0.03025,
            "max": 134.915125,
            "p(90)": 0.0886661,
            "p(95)": 0.14766605,
            "avg": 0.08158921715796273,
            "min": 0.0055
        },
        "custom_failure_count": {
            "count": 40184,
            "rate": 51.38168626450621
        },
        "vus_max": {
            "value": 150,
            "min": 150,
            "max": 150
        },
        "iterations": {
            "count": 62420,
            "rate": 79.81397712100531
        },
        "vus": {
            "max": 150,
            "value": 1,
            "min": 1
        },
        "http_req_waiting": {
            "med": 5.770292,
            "max": 3079.21421,
            "p(90)": 132.77651670000046,
            "p(95)": 2463.2066617499995,
            "avg": 247.94496082643408,
            "min": 0.396652
        },
        "custom_response_time_total": {
            "min": 0.552486,
            "med": 5.989625,
            "max": 3079.34396,
            "p(90)": 133.92754970000064,
            "p(95)": 2463.4965332,
            "avg": 248.13756855791317
        },
        "custom_failure_rate": {
            "passes": 40184,
            "fails": 22236,
            "value": 0.643768023069529
        },
        "http_req_receiving": {
            "med": 0.063291,
            "max": 46.563416,
            "p(90)": 0.17525,
            "p(95)": 0.24608719999999976,
            "avg": 0.11101851432233137,
            "min": 0.009333
        },
        "http_req_failed": {
            "passes": 40184,
            "fails": 22236,
            "value": 0.643768023069529
        },
        "custom_success_rate": {
            "passes": 22236,
            "fails": 40184,
            "value": 0.356231976930471
        },
        "data_sent": {
            "count": 19836556,
            "rate": 25364.217025689533
        },
        "custom_success_count": {
            "count": 22236,
            "rate": 28.432290856499105
        },
        "http_req_duration": {
            "avg": 248.13756855791317,
            "min": 0.552486,
            "med": 5.989625,
            "max": 3079.34396,
            "p(90)": 133.92754970000064,
            "p(95)": 2463.4965332,
            "thresholds": {
                "p(95)<1000": true
            }
        },
        "http_req_tls_handshaking": {
            "avg": 0,
            "min": 0,
            "med": 0,
            "max": 0,
            "p(90)": 0,
            "p(95)": 0
        },
        "http_req_connecting": {
            "max": 98.170708,
            "p(90)": 0.380417,
            "p(95)": 0.7243434499999994,
            "avg": 0.29385804916693403,
            "min": -0.206972,
            "med": 0.106666
        },
        "custom_availability_rate": {
            "passes": 22236,
            "fails": 40184,
            "value": 0.356231976930471
        },
        "http_req_blocked": {
            "max": 135.249458,
            "p(90)": 0.5143791000000001,
            "p(95)": 0.9456773999999994,
            "avg": 0.37494336054149174,
            "min": 0,
            "med": 0.13908350000000003
        },
        "custom_response_time_failure": {
            "avg": 9.2122270642544,
            "min": 0.598083,
            "med": 2.9931245,
            "max": 285.014333,
            "p(90)": 16.5278625,
            "p(95)": 39.08870994999997
        },
        "data_received": {
            "count": 16801184,
            "rate": 21483.00729544698
        },
        "http_reqs": {
            "count": 62420,
            "rate": 79.81397712100531
        },
        "iteration_duration": {
            "min": 1000.973959,
            "med": 1008.4167715,
            "max": 4081.568252,
            "p(90)": 1142.5649381000003,
            "p(95)": 3465.2396605999998,
            "avg": 1250.2504628709032
        },
        "custom_fallback_rate": {
            "passes": 0,
            "fails": 62420,
            "value": 0
        }
    }
}