{
    "metrics": {
        "custom_success_rate": {
            "passes": 19434,
            "fails": 42876,
            "value": 0.31189215214251326
        },
        "checks": {
            "passes": 120873,
            "fails": 3747,
            "value": 0.9699325950890708
        },
        "custom_response_time_failure": {
            "min": 0.911917,
            "med": 5.763083,
            "max": 143.401834,
            "p(90)": 13.625300000000001,
            "p(95)": 18.365445599999994,
            "avg": 7.719904507339215
        },
        "vus_max": {
            "value": 150,
            "min": 150,
            "max": 150
        },
        "http_req_duration{expected_response:true}": {
            "max": 3141.050543,
            "p(90)": 19.888108400000018,
            "p(95)": 3005.7305844,
            "avg": 265.52543922037995,
            "min": 0.161667,
            "med": 4.065333
        },
        "data_received": {
            "count": 11987100,
            "rate": 15304.97665858714
        },
        "iterations": {
            "rate": 79.55661466047374,
            "count": 62310
        },
        "http_reqs": {
            "count": 62310,
            "rate": 79.55661466047374
        },
        "http_req_waiting": {
            "max": 3140.96696,
            "p(90)": 18.356912500000004,
            "p(95)": 3005.31004155,
            "avg": 249.88403763224173,
            "min": 0.141917,
            "med": 4.058
        },
        "data_sent": {
            "count": 13747591,
            "rate": 17552.74915257257
        },
        "http_req_receiving": {
            "avg": 0.07752220515166112,
            "min": 0.004959,
            "med": 0.042292,
            "max": 104.730041,
            "p(90)": 0.137375,
            "p(95)": 0.185833
        },
        "custom_api_failures": {
            "count": 3747,
            "rate": 4.784121892678464
        },
        "custom_response_time_fallback": {
            "med": 3.297292,
            "max": 126.10425,
            "p(90)": 10.4222416,
            "p(95)": 14.056091799999999,
            "avg": 4.854444607733418,
            "min": 0.161667
        },
        "http_req_sending": {
            "min": 0.003167,
            "med": 0.023042,
            "max": 13.537833,
            "p(90)": 0.08017110000000006,
            "p(95)": 0.151875,
            "avg": 0.06079258199325921
        },
        "http_req_failed": {
            "passes": 3747,
            "fails": 58563,
            "value": 0.06013480982185845
        },
        "http_req_connecting": {
            "p(90)": 0,
            "p(95)": 0.1766480999999999,
            "avg": 0.03452073878992146,
            "min": 0,
            "med": 0,
            "max": 104.500667
        },
        "http_req_tls_handshaking": {
            "p(90)": 0,
            "p(95)": 0,
            "avg": 0,
            "min": 0,
            "med": 0,
            "max": 0
        },
        "http_req_duration": {
            "p(90)": 18.622308900000004,
            "p(95)": 3005.45242395,
            "avg": 250.02235241938854,
            "min": 0.161667,
            "med": 4.176542,
            "max": 3141.050543,
            "thresholds": {
                "p(95)<1000": true
            }
        },
        "vus": {
            "value": 1,
            "min": 1,
            "max": 150
        },
        "custom_fallback_responses": {
            "count": 39129,
            "rate": 49.9594090041675
        },
        "http_req_blocked": {
            "avg": 0.05309649234472824,
            "min": 0.001,
            "med": 0.0065,
            "max": 106.182583,
            "p(90)": 0.021,
            "p(95)": 0.258166
        },
        "custom_availability_rate": {
            "passes": 58563,
            "fails": 3747,
            "value": 0.9398651901781415
        },
        "iteration_duration": {
            "p(95)": 4007.21032495,
            "avg": 1252.6032388615731,
            "min": 1000.308917,
            "med": 1006.8273959999999,
            "max": 4143.034752,
            "p(90)": 1021.6767635000001
        },
        "custom_response_time_success": {
            "med": 5.581146,
            "max": 3141.050543,
            "p(90)": 3007.4303145000003,
            "p(95)": 3010.1280513499996,
            "avg": 790.3682584134544,
            "min": 0.6485
        },
        "custom_success_responses": {
            "count": 19434,
            "rate": 24.813083763627773
        }
    },
    "root_group": {
        "path": "",
        "id": "d41d8cd98f00b204e9800998ecf8427e",
        "groups": {},
        "checks": {
                "resposta valida": {
                    "name": "resposta valida",
                    "path": "::resposta valida",
                    "id": "ce808816d29ae732eb130bbd9da91842",
                    "passes": 62310,
                    "fails": 0
                },
                "status is 2xx or 202 fallback": {
                    "fails": 3747,
                    "name": "status is 2xx or 202 fallback",
                    "path": "::status is 2xx or 202 fallback",
                    "id": "1de0d08ae354291d7ba711eacdb48145",
                    "passes": 58563
                }
            },
        "name": ""
    }
}