{
    "metrics": {
        "http_req_duration{expected_response:true}": {
            "avg": 257.6593827012851,
            "min": 0.211375,
            "med": 4.143167,
            "max": 3043.85096,
            "p(90)": 10.954208000000007,
            "p(95)": 3005.9063264
        },
        "http_reqs": {
            "count": 62562,
            "rate": 80.12574296352959
        },
        "vus": {
            "value": 3,
            "min": 1,
            "max": 150
        },
        "http_req_sending": {
            "max": 8.6175,
            "p(90)": 0.075083,
            "p(95)": 0.10508094999999988,
            "avg": 0.04776885491192732,
            "min": 0,
            "med": 0.028833
        },
        "http_req_duration": {
            "max": 3043.85096,
            "p(90)": 10.9696452,
            "p(95)": 3005.7325034,
            "avg": 243.84039224577324,
            "min": 0,
            "med": 4.2318955,
            "thresholds": {
                "p(95)<1000": true
            }
        },
        "http_req_blocked": {
            "max": 10.579959,
            "p(90)": 0.02325,
            "p(95)": 0.2962711499999988,
            "avg": 0.04846750482721068,
            "min": 0,
            "med": 0.008625
        },
        "http_req_tls_handshaking": {
            "med": 0,
            "max": 0,
            "p(90)": 0,
            "p(95)": 0,
            "avg": 0,
            "min": 0
        },
        "http_req_receiving": {
            "med": 0.050708,
            "max": 9.931334,
            "p(90)": 0.140083,
            "p(95)": 0.178583,
            "avg": 0.0735873466321406,
            "min": 0
        },
        "iteration_duration": {
            "max": 4053.604501,
            "p(90)": 1016.4305549,
            "p(95)": 4007.6413141499997,
            "avg": 1246.7451002348344,
            "min": 1000.278376,
            "med": 1006.9147505000001
        },
        "http_req_failed": {
            "passes": 3449,
            "fails": 59113,
            "value": 0.05512931172277101
        },
        "vus_max": {
            "max": 150,
            "value": 150,
            "min": 150
        },
        "http_req_waiting": {
            "med": 4.122833,
            "max": 3043.646877,
            "p(90)": 10.800737500000002,
            "p(95)": 3005.59018595,
            "avg": 243.7190360442299,
            "min": 0
        },
        "checks": {
            "passes": 62559,
            "fails": 3,
            "value": 0.9999520475688117
        },
        "iterations": {
            "count": 62562,
            "rate": 80.12574296352959
        },
        "http_req_connecting": {
            "avg": 0.02817251389022096,
            "min": 0,
            "med": 0,
            "max": 10.320417,
            "p(90)": 0,
            "p(95)": 0.20716489999999987
        },
        "data_sent": {
            "count": 13801018,
            "rate": 17675.53500372503
        },
        "data_received": {
            "count": 11981088,
            "rate": 15344.675322263176
        }
    },
    "root_group": {
        "name": "",
        "path": "",
        "id": "d41d8cd98f00b204e9800998ecf8427e",
        "groups": {},
        "checks": {
                "resposta valida": {
                    "path": "::resposta valida",
                    "id": "ce808816d29ae732eb130bbd9da91842",
                    "passes": 62559,
                    "fails": 3,
                    "name": "resposta valida"
                }
            }
    }
}