{
    "root_group": {
        "name": "",
        "path": "",
        "id": "d41d8cd98f00b204e9800998ecf8427e",
        "groups": {},
        "checks": {
                "resposta valida": {
                    "name": "resposta valida",
                    "path": "::resposta valida",
                    "id": "ce808816d29ae732eb130bbd9da91842",
                    "passes": 63625,
                    "fails": 0
                },
                "status is 2xx or 202 fallback": {
                    "path": "::status is 2xx or 202 fallback",
                    "id": "1de0d08ae354291d7ba711eacdb48145",
                    "passes": 60399,
                    "fails": 3226,
                    "name": "status is 2xx or 202 fallback"
                }
            }
    },
    "metrics": {
        "custom_response_time_fallback": {
            "avg": 2.47129644646913,
            "min": 0.224583,
            "med": 1.013791,
            "max": 234.351917,
            "p(90)": 4.024558600000001,
            "p(95)": 8.3172711
        },
        "custom_success_count": {
            "count": 21216,
            "rate": 27.19576449792132
        },
        "http_req_blocked": {
            "p(90)": 0.034042,
            "p(95)": 0.2295335999999999,
            "avg": 0.050482045548134014,
            "min": 0.001,
            "med": 0.007208,
            "max": 60.520126
        },
        "vus": {
            "value": 3,
            "min": 1,
            "max": 150
        },
        "vus_max": {
            "min": 150,
            "max": 150,
            "value": 150
        },
        "iteration_duration": {
            "avg": 1226.623023993718,
            "min": 1000.398709,
            "med": 1004.131459,
            "max": 4130.035793,
            "p(90)": 1055.7249422,
            "p(95)": 3427.1949595999995
        },
        "custom_response_time_failure": {
            "min": 1.119125,
            "med": 4.461625,
            "max": 256.572875,
            "p(90)": 10.7367085,
            "p(95)": 22.47864549999999,
            "avg": 7.841303063856167
        },
        "http_reqs": {
            "count": 63625,
            "rate": 81.55781090593156
        },
        "custom_failure_rate": {
            "passes": 3226,
            "fails": 60399,
            "value": 0.050703339882121806
        },
        "data_received": {
            "count": 10509545,
            "rate": 13471.677545263317
        },
        "custom_failure_count": {
            "count": 3226,
            "rate": 4.135253406405269
        },
        "http_req_sending": {
            "avg": 0.05621233546561839,
            "min": 0.004333,
            "med": 0.022875,
            "max": 57.391167,
            "p(90)": 0.064625,
            "p(95)": 0.10882479999999989
        },
        "http_req_failed": {
            "passes": 3226,
            "fails": 60399,
            "value": 0.050703339882121806
        },
        "data_sent": {
            "count": 20219863,
            "rate": 25918.864645938578
        },
        "custom_fallback_count": {
            "count": 39183,
            "rate": 50.226793001604975
        },
        "http_req_duration{expected_response:true}": {
            "p(90)": 55.38175000000001,
            "p(95)": 2455.0731054999987,
            "avg": 236.5539069868219,
            "min": 0.224583,
            "med": 1.939208,
            "max": 3128.755919
        },
        "http_req_duration": {
            "med": 2.235458,
            "max": 3128.755919,
            "p(90)": 53.505658,
            "p(95)": 2425.338267799998,
            "avg": 224.95741409478993,
            "min": 0.224583,
            "thresholds": {
                "p(95)<1000": true
            }
        },
        "http_req_tls_handshaking": {
            "max": 0,
            "p(90)": 0,
            "p(95)": 0,
            "avg": 0,
            "min": 0,
            "med": 0
        },
        "custom_response_time_success": {
            "med": 39.398312000000004,
            "max": 3128.755919,
            "p(90)": 2620.1540640000003,
            "p(95)": 2810.78347,
            "avg": 668.8719183368688,
            "min": 1.031583
        },
        "custom_success_rate": {
            "passes": 21216,
            "fails": 42409,
            "value": 0.33345383104125736
        },
        "custom_availability_rate": {
            "passes": 60399,
            "fails": 3226,
            "value": 0.9492966601178782
        },
        "iterations": {
            "count": 63625,
            "rate": 81.55781090593156
        },
        "http_req_receiving": {
            "avg": 0.07945243288015735,
            "min": 0.005083,
            "med": 0.03875,
            "max": 64.101541,
            "p(90)": 0.12723360000000006,
            "p(95)": 0.182
        },
        "http_req_connecting": {
            "avg": 0.025663719685658094,
            "min": 0,
            "med": 0,
            "max": 60.316375,
            "p(90)": 0,
            "p(95)": 0.15132479999999987
        },
        "http_req_waiting": {
            "avg": 224.82174932644395,
            "min": 0.202042,
            "med": 2.109916,
            "max": 3127.709085,
            "p(90)": 53.3061748,
            "p(95)": 2425.229259199997
        },
        "custom_response_time_total": {
            "avg": 224.95741409478993,
            "min": 0.224583,
            "med": 2.235458,
            "max": 3128.755919,
            "p(90)": 53.505658,
            "p(95)": 2425.338267799998
        },
        "custom_fallback_rate": {
            "fails": 24442,
            "passes": 39183,
            "value": 0.6158428290766208
        },
        "checks": {
            "passes": 124024,
            "fails": 3226,
            "value": 0.9746483300589391
        }
    }
}