{
    "root_group": {
        "checks": {
            "resposta valida": {
                "name": "resposta valida",
                "path": "::resposta valida",
                "id": "ce808816d29ae732eb130bbd9da91842",
                "passes": 62656,
                "fails": 0
            },
            "status is 2xx or 202 fallback": {
                "id": "1de0d08ae354291d7ba711eacdb48145",
                "passes": 22511,
                "fails": 40145,
                "name": "status is 2xx or 202 fallback",
                "path": "::status is 2xx or 202 fallback"
            }
        },
        "name": "",
        "path": "",
        "id": "d41d8cd98f00b204e9800998ecf8427e",
        "groups": {}
    },
    "metrics": {
        "custom_response_time_failure": {
            "max": 268.333583,
            "p(90)": 12.9165996,
            "p(95)": 17.18428339999999,
            "avg": 7.803543730775921,
            "min": 0.535292,
            "med": 5.747334
        },
        "http_req_failed": {
            "passes": 40145,
            "fails": 22511,
            "value": 0.6407207609805925
        },
        "custom_failure_rate": {
            "passes": 40145,
            "fails": 22511,
            "value": 0.6407207609805925
        },
        "http_req_receiving": {
            "p(90)": 0.19416650000000002,
            "p(95)": 0.2584272499999999,
            "avg": 0.1227371059595249,
            "min": -0.977931,
            "med": 0.089291,
            "max": 49.79075
        },
        "vus_max": {
            "value": 150,
            "min": 150,
            "max": 150
        },
        "iterations": {
            "count": 62656,
            "rate": 80.05389912136066
        },
        "vus": {
            "value": 1,
            "min": 1,
            "max": 150
        },
        "data_sent": {
            "count": 19723453,
            "rate": 25200.12954524544
        },
        "http_req_blocked": {
            "avg": 0.3354903470537508,
            "min": 0.001291,
            "med": 0.1765,
            "max": 117.343334,
            "p(90)": 0.7157295000000001,
            "p(95)": 0.9957192499999998
        },
        "http_req_connecting": {
            "p(90)": 0.5367705,
            "p(95)": 0.781958,
            "avg": 0.2537444707769405,
            "min": 0,
            "med": 0.132084,
            "max": 109.917334
        },
        "custom_success_count": {
            "rate": 28.761703956858877,
            "count": 22511
        },
        "http_req_waiting": {
            "avg": 242.82005987396093,
            "min": 0.503083,
            "med": 8.387917,
            "max": 3180.960043,
            "p(90)": 64.97227050000023,
            "p(95)": 2462.8141052499996
        },
        "custom_response_time_total": {
            "avg": 243.01461687053086,
            "min": 0.535292,
            "med": 8.602083499999999,
            "max": 3181.048043,
            "p(90)": 65.49983300000017,
            "p(95)": 2462.9533659999997
        },
        "http_reqs": {
            "count": 62656,
            "rate": 80.05389912136066
        },
        "custom_availability_rate": {
            "passes": 22511,
            "fails": 40145,
            "value": 0.35927923901940756
        },
        "checks": {
            "passes": 85167,
            "fails": 40145,
            "value": 0.6796396195097038
        },
        "http_req_duration": {
            "avg": 243.01461687053086,
            "min": 0.535292,
            "med": 8.602083499999999,
            "max": 3181.048043,
            "p(90)": 65.49983300000017,
            "p(95)": 2462.9533659999997,
            "thresholds": {
                "p(95)<1000": true
            }
        },
        "http_req_tls_handshaking": {
            "min": 0,
            "med": 0,
            "max": 0,
            "p(90)": 0,
            "p(95)": 0,
            "avg": 0
        },
        "custom_response_time_success": {
            "p(90)": 2617.737002,
            "p(95)": 2813.3041399999997,
            "avg": 662.4783693113612,
            "min": 0.913916,
            "med": 40.376667,
            "max": 3181.048043
        },
        "data_received": {
            "count": 16698475,
            "rate": 21335.195881169606
        },
        "custom_failure_count": {
            "count": 40145,
            "rate": 51.29219516450178
        },
        "http_req_duration{expected_response:true}": {
            "med": 40.376667,
            "max": 3181.048043,
            "p(90)": 2617.737002,
            "p(95)": 2813.3041399999997,
            "avg": 662.4783693113612,
            "min": 0.913916
        },
        "custom_fallback_rate": {
            "fails": 62656,
            "passes": 0,
            "value": 0
        },
        "iteration_duration": {
            "avg": 1245.7535581304705,
            "min": 1000.799417,
            "med": 1011.9308550000001,
            "max": 4184.063961,
            "p(90)": 1074.4362715000002,
            "p(95)": 3465.54202275
        },
        "http_req_sending": {
            "avg": 0.0718198906090403,
            "min": 0.00475,
            "med": 0.039292,
            "max": 110.282,
            "p(90)": 0.099916,
            "p(95)": 0.15066649999999954
        },
        "custom_success_rate": {
            "passes": 22511,
            "fails": 40145,
            "value": 0.35927923901940756
        }
    }
}