{
    "metrics": {
        "http_req_waiting": {
            "avg": 241.85901734948138,
            "min": 0.5035,
            "med": 7.631709000000001,
            "max": 3017.120959,
            "p(90)": 55.025912600000005,
            "p(95)": 2453.89621745
        },
        "custom_failure_count": {
            "count": 40289,
            "rate": 51.49229341778724
        },
        "http_req_connecting": {
            "p(95)": 0.665375,
            "avg": 0.19652813076064315,
            "min": 0,
            "med": 0.1203545,
            "max": 9.979834,
            "p(90)": 0.481875
        },
        "http_req_sending": {
            "avg": 0.05700083044171599,
            "min": 0.003792,
            "med": 0.036583,
            "max": 11.693375,
            "p(90)": 0.090833,
            "p(95)": 0.12589809999999987
        },
        "custom_fallback_rate": {
            "fails": 62710,
            "passes": 0,
            "value": 0
        },
        "custom_response_time_failure": {
            "p(90)": 10.4841,
            "p(95)": 12.58817539999999,
            "avg": 6.146165715977042,
            "min": 0.54125,
            "med": 5.664541,
            "max": 124.362209
        },
        "http_req_blocked": {
            "avg": 0.26672550715994053,
            "min": 0.001167,
            "med": 0.16218749999999998,
            "max": 11.915584,
            "p(90)": 0.6585,
            "p(95)": 0.8768980999999998
        },
        "data_received": {
            "rate": 21391.7805208112,
            "count": 16737523
        },
        "http_req_duration{expected_response:true}": {
            "avg": 665.8788030429496,
            "min": 0.796208,
            "med": 40.041959,
            "max": 3017.283001,
            "p(90)": 2606.468418,
            "p(95)": 2813.329335
        },
        "data_sent": {
            "rate": 25229.407632618728,
            "count": 19740189
        },
        "iteration_duration": {
            "avg": 1244.3029839223873,
            "min": 1000.822583,
            "med": 1010.6315425,
            "max": 4025.838544,
            "p(90)": 1057.9769379000002,
            "p(95)": 3456.37119955
        },
        "custom_response_time_success": {
            "avg": 665.8788030429496,
            "min": 0.796208,
            "med": 40.041959,
            "max": 3017.283001,
            "p(90)": 2606.468418,
            "p(95)": 2813.329335
        },
        "http_reqs": {
            "count": 62710,
            "rate": 80.14797389434926
        },
        "http_req_tls_handshaking": {
            "p(90)": 0,
            "p(95)": 0,
            "avg": 0,
            "min": 0,
            "med": 0,
            "max": 0
        },
        "vus": {
            "min": 1,
            "max": 150,
            "value": 1
        },
        "http_req_failed": {
            "fails": 22421,
            "passes": 40289,
            "value": 0.6424653165364376
        },
        "vus_max": {
            "min": 150,
            "max": 150,
            "value": 150
        },
        "http_req_duration": {
            "min": 0.54125,
            "med": 7.8004169999999995,
            "max": 3017.283001,
            "p(90)": 55.17692060000001,
            "p(95)": 2454.0676638,
            "avg": 242.02346537325766,
            "thresholds": {
                "p(95)<1000": true
            }
        },
        "custom_response_time_total": {
            "p(90)": 55.17692060000001,
            "p(95)": 2454.0676638,
            "avg": 242.02346537325766,
            "min": 0.54125,
            "med": 7.8004169999999995,
            "max": 3017.283001
        },
        "custom_success_rate": {
            "passes": 22421,
            "fails": 40289,
            "value": 0.35753468346356243
        },
        "iterations": {
            "count": 62710,
            "rate": 80.14797389434926
        },
        "custom_failure_rate": {
            "passes": 40289,
            "fails": 22421,
            "value": 0.6424653165364376
        },
        "http_req_receiving": {
            "avg": 0.10744719333439698,
            "min": 0.007292,
            "med": 0.085375,
            "max": 7.334959,
            "p(90)": 0.1759161,
            "p(95)": 0.22533764999999975
        },
        "custom_availability_rate": {
            "passes": 22421,
            "fails": 40289,
            "value": 0.35753468346356243
        },
        "checks": {
            "passes": 85131,
            "fails": 40289,
            "value": 0.6787673417317812
        },
        "custom_success_count": {
            "count": 22421,
            "rate": 28.65568047656203
        }
    },
    "root_group": {
        "name": "",
        "path": "",
        "id": "d41d8cd98f00b204e9800998ecf8427e",
        "groups": {},
        "checks": {
                "resposta valida": {
                    "fails": 0,
                    "name": "resposta valida",
                    "path": "::resposta valida",
                    "id": "ce808816d29ae732eb130bbd9da91842",
                    "passes": 62710
                },
                "status is 2xx or 202 fallback": {
                    "name": "status is 2xx or 202 fallback",
                    "path": "::status is 2xx or 202 fallback",
                    "id": "1de0d08ae354291d7ba711eacdb48145",
                    "passes": 22421,
                    "fails": 40289
                }
            }
    }
}