{
    "root_group": {
        "name": "",
        "path": "",
        "id": "d41d8cd98f00b204e9800998ecf8427e",
        "groups": {},
        "checks": {
                "resposta valida": {
                    "id": "ce808816d29ae732eb130bbd9da91842",
                    "passes": 47410,
                    "fails": 0,
                    "name": "resposta valida",
                    "path": "::resposta valida"
                },
                "status is 2xx or 202 fallback": {
                    "name": "status is 2xx or 202 fallback",
                    "path": "::status is 2xx or 202 fallback",
                    "id": "1de0d08ae354291d7ba711eacdb48145",
                    "passes": 36609,
                    "fails": 10801
                }
            }
    },
    "metrics": {
        "custom_response_time_total": {
            "p(90)": 2670.2818039999997,
            "p(95)": 2837.3072867499995,
            "avg": 1089.918258230703,
            "min": 0.952583,
            "med": 1037.0568130000001,
            "max": 3509.492988
        },
        "iterations": {
            "count": 47410,
            "rate": 60.68138670271732
        },
        "http_reqs": {
            "count": 47410,
            "rate": 60.68138670271732
        },
        "http_req_duration": {
            "p(95)": 2837.3072867499995,
            "avg": 1089.918258230703,
            "min": 0.952583,
            "med": 1037.0568130000001,
            "max": 3509.492988,
            "p(90)": 2670.2818039999997
        },
        "http_req_failed": {
            "passes": 10801,
            "fails": 36609,
            "value": 0.22782113478169164
        },
        "data_sent": {
            "count": 15110878,
            "rate": 19340.835927770167
        },
        "http_req_receiving": {
            "max": 98.053084,
            "p(90)": 0.270542,
            "p(95)": 0.444375,
            "avg": 0.181424731322505,
            "min": 0.009834,
            "med": 0.092208
        },
        "custom_availability_rate": {
            "passes": 36609,
            "fails": 10801,
            "value": 0.7721788652183084
        },
        "custom_response_time_success": {
            "avg": 960.6828790446544,
            "min": 0.952583,
            "med": 47.535334,
            "max": 3509.492988,
            "p(90)": 2747.9001426,
            "p(95)": 2876.367476
        },
        "http_req_waiting": {
            "p(95)": 2837.1061347,
            "avg": 1089.6133528705093,
            "min": 0.904709,
            "med": 1036.2730215000001,
            "max": 3508.178279,
            "p(90)": 2669.80946
        },
        "custom_success_count": {
            "count": 36609,
            "rate": 46.85688432397761
        },
        "data_received": {
            "count": 8788311,
            "rate": 11248.40536289273
        },
        "custom_success_rate": {
            "passes": 36609,
            "fails": 10801,
            "value": 0.7721788652183084
        },
        "http_req_blocked": {
            "avg": 0.20711929626661268,
            "min": 0.001334,
            "med": 0.018833,
            "max": 79.340875,
            "p(90)": 0.3359673000000001,
            "p(95)": 0.62325
        },
        "http_req_connecting": {
            "p(95)": 0.39275,
            "avg": 0.12593071075722423,
            "min": 0,
            "med": 0,
            "max": 68.175583,
            "p(90)": 0.22200420000000004
        },
        "http_req_tls_handshaking": {
            "med": 0,
            "max": 0,
            "p(90)": 0,
            "p(95)": 0,
            "avg": 0,
            "min": 0
        },
        "custom_response_time_failure": {
            "p(95)": 2071.716709,
            "avg": 1527.9497364846713,
            "min": 762.966083,
            "med": 1524.042542,
            "max": 2691.797002,
            "p(90)": 1973.918792
        },
        "vus": {
            "value": 1,
            "min": 1,
            "max": 200
        },
        "vus_max": {
            "value": 200,
            "min": 200,
            "max": 200
        },
        "custom_fallback_rate": {
            "fails": 47410,
            "passes": 0,
            "value": 0
        },
        "custom_failure_count": {
            "count": 10801,
            "rate": 13.824502378739712
        },
        "http_req_duration{expected_response:true}": {
            "avg": 960.6828790446544,
            "min": 0.952583,
            "med": 47.535334,
            "max": 3509.492988,
            "p(90)": 2747.9001426,
            "p(95)": 2876.367476
        },
        "checks": {
            "passes": 84019,
            "fails": 10801,
            "value": 0.8860894326091542
        },
        "custom_failure_rate": {
            "passes": 10801,
            "fails": 36609,
            "value": 0.22782113478169164
        },
        "iteration_duration": {
            "p(90)": 3671.8964562,
            "p(95)": 3838.9737210499998,
            "avg": 2092.043863891654,
            "min": 1001.834917,
            "med": 2038.9961054999999,
            "max": 4511.49696
        },
        "http_req_sending": {
            "p(90)": 0.135667,
            "p(95)": 0.2497956499999998,
            "avg": 0.1234806288546716,
            "min": 0.005917,
            "med": 0.039541,
            "max": 115.505291
        }
    }
}