{
    "root_group": {
        "groups": {},
        "checks": {
                "resposta valida": {
                    "passes": 67963,
                    "fails": 1,
                    "name": "resposta valida",
                    "path": "::resposta valida",
                    "id": "ce808816d29ae732eb130bbd9da91842"
                }
            },
        "name": "",
        "path": "",
        "id": "d41d8cd98f00b204e9800998ecf8427e"
    },
    "metrics": {
        "http_reqs": {
            "rate": 86.86527345176273,
            "count": 67964
        },
        "data_sent": {
            "count": 15053373,
            "rate": 19239.823465605055
        },
        "data_received": {
            "count": 12648702,
            "rate": 16166.3962986266
        },
        "http_req_connecting": {
            "avg": 0.022228350582661406,
            "min": 0,
            "med": 0,
            "max": 9.184958,
            "p(90)": 0,
            "p(95)": 0.17766685
        },
        "http_req_waiting": {
            "avg": 457.36153255264423,
            "min": 0,
            "med": 4.213458,
            "max": 3054.270293,
            "p(90)": 3004.6314438,
            "p(95)": 3006.4119305
        },
        "http_req_blocked": {
            "max": 9.772333,
            "p(90)": 0.022792,
            "p(95)": 0.2556543999999997,
            "avg": 0.04064284605085078,
            "min": 0,
            "med": 0.008875
        },
        "http_req_tls_handshaking": {
            "max": 0,
            "p(90)": 0,
            "p(95)": 0,
            "avg": 0,
            "min": 0,
            "med": 0
        },
        "http_req_duration": {
            "avg": 457.4888971452858,
            "min": 0,
            "med": 4.3404375,
            "max": 3054.371418,
            "p(90)": 3004.7726175,
            "p(95)": 3006.5713931
        },
        "http_req_receiving": {
            "avg": 0.08712647564887364,
            "min": 0,
            "med": 0.072125,
            "max": 5.502209,
            "p(90)": 0.15177870000000007,
            "p(95)": 0.19036884999999987
        },
        "http_req_failed": {
            "passes": 3586,
            "fails": 64378,
            "value": 0.05276322759107763
        },
        "checks": {
            "passes": 67963,
            "fails": 1,
            "value": 0.9999852863280561
        },
        "vus": {
            "value": 2,
            "min": 1,
            "max": 200
        },
        "http_req_duration{expected_response:true}": {
            "avg": 482.5855436531768,
            "min": 0.543208,
            "med": 4.2481665,
            "max": 3054.371418,
            "p(90)": 3004.9442431,
            "p(95)": 3006.7296126499996
        },
        "vus_max": {
            "value": 200,
            "min": 200,
            "max": 200
        },
        "http_req_sending": {
            "avg": 0.040238116988405494,
            "min": 0,
            "med": 0.03075,
            "max": 9.074791,
            "p(90)": 0.069375,
            "p(95)": 0.091333
        },
        "iteration_duration": {
            "p(90)": 4006.3881602,
            "p(95)": 4009.0483474,
            "avg": 1459.4516936866562,
            "min": 1000.775791,
            "med": 1006.130313,
            "max": 4064.772127
        },
        "iterations": {
            "count": 67964,
            "rate": 86.86527345176273
        }
    }
}