{
    "metrics": {
        "custom_success_count": {
            "count": 42617,
            "rate": 54.59567425448809
        },
        "http_reqs": {
            "count": 56638,
            "rate": 72.55766005175626
        },
        "checks": {
            "passes": 99255,
            "fails": 14021,
            "value": 0.8762226773544264
        },
        "http_req_receiving": {
            "max": 80.560042,
            "p(90)": 0.203333,
            "p(95)": 0.2449651499999999,
            "avg": 0.1296847368727709,
            "min": 0.008667,
            "med": 0.102292
        },
        "custom_availability_rate": {
            "fails": 14021,
            "passes": 42617,
            "value": 0.7524453547088528
        },
        "custom_response_time_success": {
            "med": 47.501166,
            "max": 3241.058585,
            "p(90)": 2755.2307598,
            "p(95)": 2879.2673852000003,
            "avg": 992.6471679073829,
            "min": 0.747375
        },
        "vus_max": {
            "value": 200,
            "min": 200,
            "max": 200
        },
        "http_req_sending": {
            "max": 33.93975,
            "p(90)": 0.09225,
            "p(95)": 0.116792,
            "avg": 0.06315164331367579,
            "min": 0.004875,
            "med": 0.043625
        },
        "custom_fallback_rate": {
            "passes": 0,
            "fails": 56638,
            "value": 0
        },
        "http_req_blocked": {
            "avg": 0.1509855366891488,
            "min": 0,
            "med": 0.012959,
            "max": 150.638917,
            "p(90)": 0.4683876,
            "p(95)": 0.6051312999999999
        },
        "http_req_connecting": {
            "p(90)": 0.3442336000000001,
            "p(95)": 0.44659014999999985,
            "avg": 0.09945129736219478,
            "min": -1.596222,
            "med": 0,
            "max": 50.182292
        },
        "custom_response_time_total": {
            "min": 0.61975,
            "med": 34.414125,
            "max": 3241.058585,
            "p(90)": 2670.2262018,
            "p(95)": 2840.57537425,
            "avg": 748.4035232438468
        },
        "vus": {
            "value": 2,
            "min": 1,
            "max": 200
        },
        "custom_response_time_failure": {
            "max": 341.828417,
            "p(90)": 6.825625,
            "p(95)": 9.624958,
            "avg": 6.021995205477491,
            "min": 0.61975,
            "med": 4.12675
        },
        "http_req_duration": {
            "avg": 748.4035232438468,
            "min": 0.61975,
            "med": 34.414125,
            "max": 3241.058585,
            "p(90)": 2670.2262018,
            "p(95)": 2840.57537425
        },
        "http_req_tls_handshaking": {
            "avg": 0,
            "min": 0,
            "med": 0,
            "max": 0,
            "p(90)": 0,
            "p(95)": 0
        },
        "data_received": {
            "count": 10490234,
            "rate": 13438.801377791857
        },
        "http_req_failed": {
            "passes": 14021,
            "fails": 42617,
            "value": 0.2475546452911473
        },
        "custom_failure_count": {
            "count": 14021,
            "rate": 17.961985797268166
        },
        "data_sent": {
            "count": 17881832,
            "rate": 22908.010299774298
        },
        "custom_failure_rate": {
            "passes": 14021,
            "fails": 42617,
            "value": 0.2475546452911473
        },
        "iterations": {
            "count": 56638,
            "rate": 72.55766005175626
        },
        "custom_success_rate": {
            "passes": 42617,
            "fails": 14021,
            "value": 0.7524453547088528
        },
        "iteration_duration": {
            "avg": 1750.6950899900637,
            "min": 1000.986542,
            "med": 1036.6464999999998,
            "max": 4243.129877,
            "p(90)": 3672.5879182,
            "p(95)": 3843.3486752
        },
        "http_req_waiting": {
            "avg": 748.2106868636595,
            "min": 0.559583,
            "med": 34.266625,
            "max": 3240.894835,
            "p(90)": 2669.9763019,
            "p(95)": 2840.37739665
        },
        "http_req_duration{expected_response:true}": {
            "avg": 992.6471679073829,
            "min": 0.747375,
            "med": 47.501166,
            "max": 3241.058585,
            "p(90)": 2755.2307598,
            "p(95)": 2879.2673852000003
        }
    },
    "root_group": {
        "name": "",
        "path": "",
        "id": "d41d8cd98f00b204e9800998ecf8427e",
        "groups": {},
        "checks": {
                "resposta valida": {
                    "name": "resposta valida",
                    "path": "::resposta valida",
                    "id": "ce808816d29ae732eb130bbd9da91842",
                    "passes": 56638,
                    "fails": 0
                },
                "status is 2xx or 202 fallback": {
                    "name": "status is 2xx or 202 fallback",
                    "path": "::status is 2xx or 202 fallback",
                    "id": "1de0d08ae354291d7ba711eacdb48145",
                    "passes": 42617,
                    "fails": 14021
                }
            }
    }
}