{
    "metrics": {
        "http_req_failed": {
            "passes": 14009,
            "fails": 42732,
            "value": 0.24689378051144675
        },
        "http_reqs": {
            "count": 56741,
            "rate": 72.6757880968624
        },
        "custom_fallback_rate": {
            "passes": 0,
            "fails": 56741,
            "value": 0
        },
        "vus": {
            "value": 3,
            "min": 1,
            "max": 200
        },
        "iterations": {
            "count": 56741,
            "rate": 72.6757880968624
        },
        "custom_availability_rate": {
            "passes": 42732,
            "fails": 14009,
            "value": 0.7531062194885533
        },
        "custom_response_time_success": {
            "p(95)": 2880.671951,
            "avg": 986.3656385828693,
            "min": 0.832417,
            "med": 48.226521000000005,
            "max": 3378.020376,
            "p(90)": 2750.3366218
        },
        "custom_success_rate": {
            "passes": 42732,
            "fails": 14009,
            "value": 0.7531062194885533
        },
        "custom_success_count": {
            "rate": 54.73258802197924,
            "count": 42732
        },
        "vus_max": {
            "value": 200,
            "min": 200,
            "max": 200
        },
        "http_req_duration{expected_response:true}": {
            "p(90)": 2750.3366218,
            "p(95)": 2880.671951,
            "avg": 986.3656385828693,
            "min": 0.832417,
            "med": 48.226521000000005,
            "max": 3378.020376
        },
        "custom_response_time_total": {
            "avg": 745.1813295440179,
            "min": 0.735958,
            "med": 35.785041,
            "max": 3378.020376,
            "p(90)": 2668.299752,
            "p(95)": 2837.750168
        },
        "custom_failure_rate": {
            "passes": 14009,
            "fails": 42732,
            "value": 0.24689378051144675
        },
        "data_sent": {
            "rate": 23163.38790125157,
            "count": 18084617
        },
        "http_req_blocked": {
            "p(95)": 0.664083,
            "avg": 0.2509661804162788,
            "min": 0.001458,
            "med": 0.0185,
            "max": 148.013083,
            "p(90)": 0.347666
        },
        "http_req_sending": {
            "avg": 0.12209492508062993,
            "min": -20.791222,
            "med": 0.038042,
            "max": 115.341667,
            "p(90)": 0.134292,
            "p(95)": 0.246375
        },
        "http_req_waiting": {
            "min": 0.6885,
            "med": 35.520708,
            "max": 3377.773668,
            "p(90)": 2667.754376,
            "p(95)": 2837.270418,
            "avg": 744.8819270383508
        },
        "custom_response_time_failure": {
            "p(95)": 36.649983199999966,
            "avg": 9.490852433007367,
            "min": 0.735958,
            "med": 3.771209,
            "max": 488.569584,
            "p(90)": 15.531942
        },
        "iteration_duration": {
            "max": 4384.926544,
            "p(90)": 3670.122252,
            "p(95)": 3839.318586,
            "avg": 1747.5720205205048,
            "min": 1001.115251,
            "med": 1037.901959
        },
        "checks": {
            "passes": 99473,
            "fails": 14009,
            "value": 0.8765531097442766
        },
        "data_received": {
            "count": 10539962,
            "rate": 13499.93910683601
        },
        "http_req_tls_handshaking": {
            "avg": 0,
            "min": 0,
            "med": 0,
            "max": 0,
            "p(90)": 0,
            "p(95)": 0
        },
        "custom_failure_count": {
            "count": 14009,
            "rate": 17.94320007488316
        },
        "http_req_connecting": {
            "min": 0,
            "med": 0,
            "max": 69.968791,
            "p(90)": 0.230208,
            "p(95)": 0.426792,
            "avg": 0.15869602333409696
        },
        "http_req_duration": {
            "p(90)": 2668.299752,
            "p(95)": 2837.750168,
            "avg": 745.1813295440179,
            "min": 0.735958,
            "med": 35.785041,
            "max": 3378.020376
        },
        "http_req_receiving": {
            "p(95)": 0.368208,
            "avg": 0.1773075805854666,
            "min": 0.009291,
            "med": 0.08,
            "max": 104.087375,
            "p(90)": 0.228458
        }
    },
    "root_group": {
        "groups": {},
        "checks": {
                "resposta valida": {
                    "name": "resposta valida",
                    "path": "::resposta valida",
                    "id": "ce808816d29ae732eb130bbd9da91842",
                    "passes": 56741,
                    "fails": 0
                },
                "status is 2xx or 202 fallback": {
                    "name": "status is 2xx or 202 fallback",
                    "path": "::status is 2xx or 202 fallback",
                    "id": "1de0d08ae354291d7ba711eacdb48145",
                    "passes": 42732,
                    "fails": 14009
                }
            },
        "name": "",
        "path": "",
        "id": "d41d8cd98f00b204e9800998ecf8427e"
    }
}