{
    "root_group": {
        "name": "",
        "path": "",
        "id": "d41d8cd98f00b204e9800998ecf8427e",
        "groups": {},
        "checks": {
                "resposta valida": {
                    "path": "::resposta valida",
                    "id": "ce808816d29ae732eb130bbd9da91842",
                    "passes": 83081,
                    "fails": 0,
                    "name": "resposta valida"
                },
                "status is 2xx or 202 fallback": {
                    "id": "1de0d08ae354291d7ba711eacdb48145",
                    "passes": 79550,
                    "fails": 3531,
                    "name": "status is 2xx or 202 fallback",
                    "path": "::status is 2xx or 202 fallback"
                }
            }
    },
    "metrics": {
        "http_req_tls_handshaking": {
            "avg": 0,
            "min": 0,
            "med": 0,
            "max": 0,
            "p(90)": 0,
            "p(95)": 0
        },
        "custom_response_time_total": {
            "p(95)": 2325.377584,
            "avg": 191.06674682276437,
            "min": 0.139152,
            "med": 2.127167,
            "max": 3154.937335,
            "p(90)": 53.259625
        },
        "http_reqs": {
            "count": 83081,
            "rate": 106.30114660370958
        },
        "http_req_blocked": {
            "max": 106.490166,
            "p(90)": 0.058125,
            "p(95)": 0.231958,
            "avg": 0.08059009453425071,
            "min": 0.001167,
            "med": 0.011083
        },
        "checks": {
            "passes": 162631,
            "fails": 3531,
            "value": 0.9787496539521672
        },
        "vus": {
            "value": 1,
            "min": 1,
            "max": 200
        },
        "iteration_duration": {
            "p(90)": 1057.474125,
            "p(95)": 3327.230919,
            "avg": 1193.5460433642945,
            "min": 1000.373542,
            "med": 1004.386125,
            "max": 4157.254919
        },
        "http_req_receiving": {
            "min": 0.00525,
            "med": 0.040542,
            "max": 97.152334,
            "p(90)": 0.145417,
            "p(95)": 0.232666,
            "avg": 0.11639806221639142
        },
        "iterations": {
            "count": 83081,
            "rate": 106.30114660370958
        },
        "http_req_sending": {
            "avg": 0.11735490003731236,
            "min": -19.503014,
            "med": 0.030083,
            "max": 152.182125,
            "p(90)": 0.112375,
            "p(95)": 0.221708
        },
        "custom_response_time_success": {
            "avg": 700.3951792637854,
            "min": 1.1415,
            "med": 41.5822295,
            "max": 3154.937335,
            "p(90)": 2649.2936228,
            "p(95)": 2834.6825971999997
        },
        "vus_max": {
            "value": 200,
            "min": 200,
            "max": 200
        },
        "data_sent": {
            "count": 26481589,
            "rate": 33882.8766455409
        },
        "http_req_failed": {
            "passes": 3531,
            "fails": 79550,
            "value": 0.042500692095665676
        },
        "data_received": {
            "rate": 17825.319542707482,
            "count": 13931603
        },
        "custom_fallback_rate": {
            "passes": 57278,
            "fails": 25803,
            "value": 0.6894235745838398
        },
        "custom_fallback_count": {
            "count": 57278,
            "rate": 73.28651647389027
        },
        "custom_success_rate": {
            "passes": 22272,
            "fails": 60809,
            "value": 0.26807573332049445
        },
        "custom_failure_count": {
            "count": 3531,
            "rate": 4.5178723012204784
        },
        "http_req_duration": {
            "p(95)": 2325.377584,
            "avg": 191.06674682276437,
            "min": 0.139152,
            "med": 2.127167,
            "max": 3154.937335,
            "p(90)": 53.259625
        },
        "http_req_connecting": {
            "p(95)": 0,
            "avg": 0.030871188575005048,
            "min": 0,
            "med": 0,
            "max": 55.966625,
            "p(90)": 0
        },
        "http_req_waiting": {
            "avg": 190.832993860508,
            "min": 0.081861,
            "med": 1.974833,
            "max": 3153.884085,
            "p(90)": 52.854875,
            "p(95)": 2324.477251
        },
        "custom_failure_rate": {
            "passes": 3531,
            "fails": 79550,
            "value": 0.042500692095665676
        },
        "custom_availability_rate": {
            "passes": 79550,
            "fails": 3531,
            "value": 0.9574993079043344
        },
        "http_req_duration{expected_response:true}": {
            "p(90)": 53.99696700000001,
            "p(95)": 2350.4689301999992,
            "avg": 199.01302519892005,
            "min": 0.139152,
            "med": 1.926229,
            "max": 3154.937335
        },
        "custom_success_count": {
            "count": 22272,
            "rate": 28.496757828598838
        },
        "custom_response_time_failure": {
            "max": 529.106126,
            "p(90)": 20.820958,
            "p(95)": 46.724228999999994,
            "avg": 12.044813992636639,
            "min": 1.184792,
            "med": 4.660583
        },
        "custom_response_time_fallback": {
            "min": 0.139152,
            "med": 1.115896,
            "max": 274.020042,
            "p(90)": 6.416866200000001,
            "p(95)": 16.018131199999996,
            "avg": 4.055391633978129
        }
    }
}