{
    "root_group": {
        "id": "d41d8cd98f00b204e9800998ecf8427e",
        "groups": {},
        "checks": {
                "resposta valida": {
                    "passes": 81040,
                    "fails": 0,
                    "name": "resposta valida",
                    "path": "::resposta valida",
                    "id": "ce808816d29ae732eb130bbd9da91842"
                },
                "status is 2xx or 202 fallback": {
                    "passes": 77196,
                    "fails": 3844,
                    "name": "status is 2xx or 202 fallback",
                    "path": "::status is 2xx or 202 fallback",
                    "id": "1de0d08ae354291d7ba711eacdb48145"
                }
            },
        "name": "",
        "path": ""
    },
    "metrics": {
        "vus": {
            "value": 1,
            "min": 1,
            "max": 200
        },
        "data_received": {
            "rate": 17239.762493020622,
            "count": 13465946
        },
        "custom_response_time_failure": {
            "med": 5.581437,
            "max": 122.832875,
            "p(90)": 7.940417000000001,
            "p(95)": 9.19746865,
            "avg": 5.839793991675328,
            "min": 0.929459
        },
        "http_req_connecting": {
            "p(95)": 0.12271009999999985,
            "avg": 0.018294091954590294,
            "min": 0,
            "med": 0,
            "max": 9.851541,
            "p(90)": 0
        },
        "http_req_waiting": {
            "p(95)": 2412.6027759999974,
            "avg": 221.19230548861117,
            "min": 0,
            "med": 3.2663539999999998,
            "max": 3015.607862,
            "p(90)": 52.7515334
        },
        "iterations": {
            "count": 81040,
            "rate": 103.75137048926166
        },
        "custom_fallback_count": {
            "count": 52107,
            "rate": 66.70992919649503
        },
        "http_req_duration{expected_response:true}": {
            "avg": 232.0295095226454,
            "min": 0.037042,
            "med": 3.1469579999999997,
            "max": 3015.728529,
            "p(90)": 54.189021000000004,
            "p(95)": 2440.7996367499995
        },
        "custom_response_time_total": {
            "avg": 221.30056990639386,
            "min": 0.037042,
            "med": 3.3569795,
            "max": 3015.728529,
            "p(90)": 52.90044940000001,
            "p(95)": 2412.6767349999973
        },
        "http_reqs": {
            "rate": 103.75137048926166,
            "count": 81040
        },
        "http_req_blocked": {
            "avg": 0.0332463056515308,
            "min": 0,
            "med": 0.007209,
            "max": 14.938291,
            "p(90)": 0.016333,
            "p(95)": 0.17731279999999852
        },
        "custom_failure_rate": {
            "passes": 3844,
            "fails": 77196,
            "value": 0.047433366238894374
        },
        "custom_success_rate": {
            "passes": 25089,
            "fails": 55951,
            "value": 0.3095878578479763
        },
        "iteration_duration": {
            "med": 1007.0635425,
            "max": 4012.134794,
            "p(90)": 1055.2187628000001,
            "p(95)": 3414.7457161999996,
            "avg": 1223.99340990146,
            "min": 1000.334251
        },
        "http_req_sending": {
            "avg": 0.0425804712981241,
            "min": 0.002958,
            "med": 0.025625,
            "max": 14.869458,
            "p(90)": 0.060625,
            "p(95)": 0.082916
        },
        "custom_response_time_success": {
            "max": 3015.728529,
            "p(90)": 2640.8129262,
            "p(95)": 2822.3761179999997,
            "avg": 708.530757931407,
            "min": 0.940833,
            "med": 40.336833
        },
        "vus_max": {
            "value": 200,
            "min": 200,
            "max": 200
        },
        "custom_availability_rate": {
            "passes": 77196,
            "fails": 3844,
            "value": 0.9525666337611056
        },
        "data_sent": {
            "count": 25588232,
            "rate": 32759.305755147838
        },
        "http_req_duration": {
            "p(90)": 52.90044940000001,
            "p(95)": 2412.6767349999973,
            "avg": 221.30056990639386,
            "min": 0.037042,
            "med": 3.3569795,
            "max": 3015.728529
        },
        "custom_response_time_fallback": {
            "p(95)": 6.382546499999999,
            "avg": 2.5989182138484517,
            "min": 0.037042,
            "med": 1.974166,
            "max": 128.895375,
            "p(90)": 5.0009832
        },
        "http_req_failed": {
            "passes": 3844,
            "fails": 77196,
            "value": 0.047433366238894374
        },
        "checks": {
            "passes": 158236,
            "fails": 3844,
            "value": 0.9762833168805528
        },
        "custom_failure_count": {
            "count": 3844,
            "rate": 4.921276754204366
        },
        "http_req_tls_handshaking": {
            "p(90)": 0,
            "p(95)": 0,
            "avg": 0,
            "min": 0,
            "med": 0,
            "max": 0
        },
        "http_req_receiving": {
            "min": 0.00425,
            "med": 0.04675,
            "max": 19.482333,
            "p(90)": 0.128334,
            "p(95)": 0.163333,
            "avg": 0.06568394648321783
        },
        "custom_fallback_rate": {
            "passes": 52107,
            "fails": 28933,
            "value": 0.6429787759131294
        },
        "custom_success_count": {
            "count": 25089,
            "rate": 32.120164538562264
        }
    }
}