{
    "root_group": {
        "groups": {},
        "checks": {
                "resposta valida": {
                    "name": "resposta valida",
                    "path": "::resposta valida",
                    "id": "ce808816d29ae732eb130bbd9da91842",
                    "passes": 78298,
                    "fails": 0
                },
                "status is 2xx or 202 fallback": {
                    "name": "status is 2xx or 202 fallback",
                    "path": "::status is 2xx or 202 fallback",
                    "id": "1de0d08ae354291d7ba711eacdb48145",
                    "passes": 78298,
                    "fails": 0
                }
            },
        "name": "",
        "path": "",
        "id": "d41d8cd98f00b204e9800998ecf8427e"
    },
    "metrics": {
        "custom_response_time_success": {
            "p(95)": 2828.3591601,
            "avg": 720.7624245491444,
            "min": 0.9215,
            "med": 41.718792,
            "max": 3160.232043,
            "p(90)": 2650.3790184000004
        },
        "iteration_duration": {
            "min": 1000.3505,
            "med": 1008.2160835,
            "max": 4161.193419,
            "p(90)": 3016.1417181,
            "p(95)": 3522.1205788499997,
            "avg": 1266.592485810398
        },
        "http_reqs": {
            "count": 78298,
            "rate": 100.31513627398799
        },
        "custom_availability_rate": {
            "passes": 78298,
            "fails": 0,
            "value": 1
        },
        "data_sent": {
            "count": 24722975,
            "rate": 31674.993055038423
        },
        "custom_fallback_count": {
            "count": 49903,
            "rate": 63.93555704463489
        },
        "http_req_failed": {
            "passes": 0,
            "fails": 78298,
            "value": 0
        },
        "data_received": {
            "count": 13320605,
            "rate": 17066.314667385705
        },
        "http_req_duration{expected_response:true}": {
            "p(95)": 2520.4900786499998,
            "avg": 263.8656648375814,
            "min": 0.193167,
            "med": 4.568312000000001,
            "max": 3160.232043,
            "p(90)": 2014.3721072000003
        },
        "custom_success_rate": {
            "fails": 49903,
            "passes": 28395,
            "value": 0.3626529413267261
        },
        "http_req_waiting": {
            "p(95)": 2520.36494025,
            "avg": 263.7200634963572,
            "min": 0.163958,
            "med": 4.4378335,
            "max": 3160.035502,
            "p(90)": 2014.0838589
        },
        "http_req_connecting": {
            "avg": 0.007277899908043628,
            "min": 0,
            "med": 0,
            "max": 16.595833,
            "p(90)": 0,
            "p(95)": 0
        },
        "checks": {
            "passes": 156596,
            "fails": 0,
            "value": 1
        },
        "http_req_tls_handshaking": {
            "med": 0,
            "max": 0,
            "p(90)": 0,
            "p(95)": 0,
            "avg": 0,
            "min": 0
        },
        "custom_response_time_total": {
            "max": 3160.232043,
            "p(90)": 2014.3721072000003,
            "p(95)": 2520.4900786499998,
            "avg": 263.8656648375814,
            "min": 0.193167,
            "med": 4.568312000000001
        },
        "vus": {
            "value": 2,
            "min": 1,
            "max": 200
        },
        "iterations": {
            "count": 78298,
            "rate": 100.31513627398799
        },
        "http_req_duration": {
            "med": 4.568312000000001,
            "max": 3160.232043,
            "p(90)": 2014.3721072000003,
            "p(95)": 2520.4900786499998,
            "avg": 263.8656648375814,
            "min": 0.193167
        },
        "vus_max": {
            "value": 200,
            "min": 200,
            "max": 200
        },
        "custom_failure_rate": {
            "fails": 78298,
            "passes": 0,
            "value": 0
        },
        "custom_response_time_fallback": {
            "min": 0.193167,
            "med": 2.490167,
            "max": 279.624792,
            "p(90)": 6.5631668,
            "p(95)": 8.630133699999996,
            "avg": 3.889641512133523
        },
        "http_req_blocked": {
            "p(95)": 0.031125,
            "avg": 0.027620156811157898,
            "min": 0.001,
            "med": 0.008458,
            "max": 54.439292,
            "p(90)": 0.021292
        },
        "custom_success_count": {
            "count": 28395,
            "rate": 36.3795792293531
        },
        "http_req_receiving": {
            "avg": 0.08319976663516351,
            "min": 0.004958,
            "med": 0.054459,
            "max": 35.057875,
            "p(90)": 0.144917,
            "p(95)": 0.187042
        },
        "http_req_sending": {
            "p(95)": 0.11466615,
            "avg": 0.062401574586835123,
            "min": 0.003791,
            "med": 0.0315,
            "max": 38.654875,
            "p(90)": 0.07863730000000008
        },
        "custom_fallback_rate": {
            "passes": 49903,
            "fails": 28395,
            "value": 0.6373470586732739
        }
    }
}