{
    "root_group": {
        "path": "",
        "id": "d41d8cd98f00b204e9800998ecf8427e",
        "groups": {},
        "checks": {
                "resposta valida": {
                    "name": "resposta valida",
                    "path": "::resposta valida",
                    "id": "ce808816d29ae732eb130bbd9da91842",
                    "passes": 57020,
                    "fails": 0
                },
                "status is 2xx or 202 fallback": {
                    "name": "status is 2xx or 202 fallback",
                    "path": "::status is 2xx or 202 fallback",
                    "id": "1de0d08ae354291d7ba711eacdb48145",
                    "passes": 42911,
                    "fails": 14109
                }
            },
        "name": ""
    },
    "metrics": {
        "data_sent": {
            "count": 18002147,
            "rate": 23019.563300265185
        },
        "checks": {
            "passes": 99931,
            "fails": 14109,
            "value": 0.8762802525429674
        },
        "http_req_waiting": {
            "p(95)": 2832.24275695,
            "avg": 737.3763843637358,
            "min": 0.568792,
            "med": 32.507000000000005,
            "max": 3081.60471,
            "p(90)": 2658.6253346
        },
        "http_req_receiving": {
            "avg": 0.103236488723255,
            "min": 0.006667,
            "med": 0.096084,
            "max": 5.233083,
            "p(90)": 0.175125,
            "p(95)": 0.20350204999999988
        },
        "custom_success_rate": {
            "fails": 14109,
            "passes": 42911,
            "value": 0.7525605050859348
        },
        "custom_failure_count": {
            "rate": 18.041349101495587,
            "count": 14109
        },
        "custom_response_time_failure": {
            "avg": 4.067285823375145,
            "min": 0.617708,
            "med": 3.831083,
            "max": 98.602958,
            "p(90)": 5.7352168,
            "p(95)": 6.36665
        },
        "vus": {
            "min": 1,
            "max": 200,
            "value": 1
        },
        "http_req_duration": {
            "max": 3081.755793,
            "p(90)": 2658.7532635000002,
            "p(95)": 2832.38124445,
            "avg": 737.522805520285,
            "min": 0.617708,
            "med": 32.640228500000006
        },
        "http_req_tls_handshaking": {
            "med": 0,
            "max": 0,
            "p(90)": 0,
            "p(95)": 0,
            "avg": 0,
            "min": 0
        },
        "iteration_duration": {
            "min": 1000.773292,
            "med": 1034.6962085,
            "max": 4083.351669,
            "p(90)": 3660.7621231,
            "p(95)": 3834.17711445,
            "avg": 1739.601507873753
        },
        "vus_max": {
            "max": 200,
            "value": 200,
            "min": 200
        },
        "http_req_duration{expected_response:true}": {
            "min": 0.632458,
            "med": 46.054083,
            "max": 3081.755793,
            "p(90)": 2746.011209,
            "p(95)": 2876.78589,
            "avg": 978.6806421450143
        },
        "custom_failure_rate": {
            "passes": 14109,
            "fails": 42911,
            "value": 0.24743949491406525
        },
        "http_req_sending": {
            "avg": 0.043184667835846624,
            "min": 0.003875,
            "med": 0.037334,
            "max": 8.2805,
            "p(90)": 0.073375,
            "p(95)": 0.088791
        },
        "custom_response_time_success": {
            "p(90)": 2746.011209,
            "p(95)": 2876.78589,
            "avg": 978.6806421450143,
            "min": 0.632458,
            "med": 46.054083,
            "max": 3081.755793
        },
        "http_req_blocked": {
            "avg": 0.10955232043142737,
            "min": 0.001166,
            "med": 0.011667,
            "max": 8.688084,
            "p(90)": 0.43538330000000014,
            "p(95)": 0.554375
        },
        "iterations": {
            "count": 57020,
            "rate": 72.91216427580116
        },
        "custom_fallback_rate": {
            "passes": 0,
            "fails": 57020,
            "value": 0
        },
        "http_req_connecting": {
            "avg": 0.07602558717993695,
            "min": 0,
            "med": 0,
            "max": 8.590083,
            "p(90)": 0.319667,
            "p(95)": 0.40812914999999983
        },
        "custom_response_time_total": {
            "med": 32.640228500000006,
            "max": 3081.755793,
            "p(90)": 2658.7532635000002,
            "p(95)": 2832.38124445,
            "avg": 737.522805520285,
            "min": 0.617708
        },
        "custom_success_count": {
            "count": 42911,
            "rate": 54.87081517430556
        },
        "data_received": {
            "rate": 13496.324202826187,
            "count": 10554623
        },
        "http_reqs": {
            "count": 57020,
            "rate": 72.91216427580116
        },
        "http_req_failed": {
            "fails": 42911,
            "passes": 14109,
            "value": 0.24743949491406525
        },
        "custom_availability_rate": {
            "passes": 42911,
            "fails": 14109,
            "value": 0.7525605050859348
        }
    }
}