{
    "metrics": {
        "http_req_duration": {
            "med": 4.538542,
            "max": 3273.03196,
            "p(90)": 3004.9687654,
            "p(95)": 3006.9081764,
            "avg": 455.4846929988531,
            "min": 0
        },
        "iteration_duration": {
            "avg": 1457.4019792051565,
            "min": 1000.735875,
            "med": 1006.299626,
            "max": 4281.423252,
            "p(90)": 4006.52166,
            "p(95)": 4009.2895891999997
        },
        "http_req_duration{expected_response:true}": {
            "avg": 479.4594318786699,
            "min": 0.065791,
            "med": 4.5174165,
            "max": 3273.03196,
            "p(90)": 3005.1259012,
            "p(95)": 3007.03425725
        },
        "http_req_receiving": {
            "med": 0.066959,
            "max": 18.819834,
            "p(90)": 0.147833,
            "p(95)": 0.18729609999999985,
            "avg": 0.08529334968189363,
            "min": 0
        },
        "http_req_failed": {
            "passes": 3441,
            "fails": 64618,
            "value": 0.050559073744839034
        },
        "vus": {
            "max": 200,
            "value": 2,
            "min": 1
        },
        "vus_max": {
            "value": 200,
            "min": 200,
            "max": 200
        },
        "data_received": {
            "count": 12864393,
            "rate": 16487.76823754886
        },
        "iterations": {
            "count": 68059,
            "rate": 87.22844664954948
        },
        "data_sent": {
            "count": 15073862,
            "rate": 19319.55461099445
        },
        "http_reqs": {
            "count": 68059,
            "rate": 87.22844664954948
        },
        "http_req_waiting": {
            "p(90)": 3004.839285,
            "p(95)": 3006.750018,
            "avg": 455.36096989181283,
            "min": 0,
            "med": 4.416625,
            "max": 3272.695377
        },
        "http_req_connecting": {
            "p(90)": 0,
            "p(95)": 0.16512919999999986,
            "avg": 0.022466139099898638,
            "min": 0,
            "med": 0,
            "max": 8.120708
        },
        "checks": {
            "fails": 3,
            "passes": 68056,
            "value": 0.9999559205983044
        },
        "http_req_blocked": {
            "avg": 0.039516433741313736,
            "min": 0,
            "med": 0.007958,
            "max": 8.270041,
            "p(90)": 0.020959,
            "p(95)": 0.23771219999999987
        },
        "http_req_sending": {
            "med": 0.028,
            "max": 8.93425,
            "p(90)": 0.065875,
            "p(95)": 0.088458,
            "avg": 0.038429757357586664,
            "min": 0
        },
        "http_req_tls_handshaking": {
            "max": 0,
            "p(90)": 0,
            "p(95)": 0,
            "avg": 0,
            "min": 0,
            "med": 0
        }
    },
    "root_group": {
        "groups": {},
        "checks": {
                "resposta valida": {
                    "passes": 68056,
                    "fails": 3,
                    "name": "resposta valida",
                    "path": "::resposta valida",
                    "id": "ce808816d29ae732eb130bbd9da91842"
                }
            },
        "name": "",
        "path": "",
        "id": "d41d8cd98f00b204e9800998ecf8427e"
    }
}