{
    "metrics": {
        "custom_availability_rate": {
            "passes": 78956,
            "fails": 0,
            "value": 1
        },
        "iterations": {
            "count": 78956,
            "rate": 145.74960860488187
        },
        "http_reqs": {
            "count": 78956,
            "rate": 145.74960860488187
        },
        "http_req_blocked": {
            "p(95)": 0.025375,
            "avg": 0.024349884999240616,
            "min": 0.000917,
            "med": 0.006416,
            "max": 50.5165,
            "p(90)": 0.017584
        },
        "vus_max": {
            "value": 200,
            "min": 200,
            "max": 200
        },
        "data_sent": {
            "count": 24849689,
            "rate": 45871.52902506508
        },
        "custom_success_count": {
            "count": 1102,
            "rate": 2.0342477922207283
        },
        "custom_response_time_success": {
            "avg": 646.8917514673325,
            "min": 2.128833,
            "med": 41.669292,
            "max": 2993.315918,
            "p(90)": 2569.3051593,
            "p(95)": 2786.63798465
        },
        "http_req_duration": {
            "p(95)": 12.179510749999995,
            "avg": 13.050294560426156,
            "min": 0.180417,
            "med": 2.7045209999999997,
            "max": 2993.315918,
            "p(90)": 8.054375,
            "thresholds": {
                "p(95)<1200": false
            }
        },
        "custom_response_time_fallback": {
            "p(95)": 10.628502299999996,
            "avg": 4.0784590026973575,
            "min": 0.180417,
            "med": 2.669271,
            "max": 240.517583,
            "p(90)": 7.562845400000001
        },
        "checks": {
            "fails": 0,
            "passes": 157912,
            "value": 1
        },
        "vus": {
            "value": 4,
            "min": 2,
            "max": 200
        },
        "http_req_waiting": {
            "avg": 12.905011212662629,
            "min": 0.165333,
            "med": 2.5854790000000003,
            "max": 2993.19321,
            "p(90)": 7.790937500000001,
            "p(95)": 11.849458249999994
        },
        "custom_response_time_total": {
            "avg": 13.050294560426156,
            "min": 0.180417,
            "med": 2.7045209999999997,
            "max": 2993.315918,
            "p(90)": 8.054375,
            "p(95)": 12.179510749999995
        },
        "custom_fallback_rate": {
            "fails": 1102,
            "passes": 77854,
            "value": 0.9860428593140483
        },
        "custom_failure_rate": {
            "fails": 78956,
            "passes": 0,
            "value": 0
        },
        "http_req_duration{expected_response:true}": {
            "med": 2.7045209999999997,
            "max": 2993.315918,
            "p(90)": 8.054375,
            "p(95)": 12.179510749999995,
            "avg": 13.050294560426156,
            "min": 0.180417
        },
        "custom_success_rate": {
            "passes": 1102,
            "fails": 77854,
            "value": 0.013957140685951669
        },
        "data_received": {
            "count": 14020591,
            "rate": 25881.448536642296
        },
        "http_req_connecting": {
            "min": 0,
            "med": 0,
            "max": 35.283,
            "p(90)": 0,
            "p(95)": 0,
            "avg": 0.008826410443791476
        },
        "http_req_tls_handshaking": {
            "p(95)": 0,
            "avg": 0,
            "min": 0,
            "med": 0,
            "max": 0,
            "p(90)": 0
        },
        "http_req_failed": {
            "passes": 0,
            "fails": 78956,
            "thresholds": {
                "rate<0.25": false
            },
            "value": 0
        },
        "iteration_duration": {
            "avg": 1016.0233862329515,
            "min": 1000.305126,
            "med": 1005.5208965,
            "max": 3994.735919,
            "p(90)": 1013.007334,
            "p(95)": 1017.212573
        },
        "custom_fallback_count": {
            "count": 77854,
            "rate": 143.71536081266115
        },
        "http_req_sending": {
            "min": 0.003416,
            "med": 0.0235,
            "max": 117.365375,
            "p(90)": 0.087833,
            "p(95)": 0.22209349999999986,
            "avg": 0.08147849174223619
        },
        "http_req_receiving": {
            "avg": 0.06380485602107638,
            "min": 0.004875,
            "med": 0.032875,
            "max": 39.732833,
            "p(90)": 0.0993335,
            "p(95)": 0.14771849999999986
        }
    },
    "root_group": {
        "name": "",
        "path": "",
        "id": "d41d8cd98f00b204e9800998ecf8427e",
        "groups": {},
        "checks": {
                "resposta valida": {
                    "id": "ce808816d29ae732eb130bbd9da91842",
                    "passes": 78956,
                    "fails": 0,
                    "name": "resposta valida",
                    "path": "::resposta valida"
                },
                "status is 2xx or 202 fallback": {
                    "fails": 0,
                    "name": "status is 2xx or 202 fallback",
                    "path": "::status is 2xx or 202 fallback",
                    "id": "1de0d08ae354291d7ba711eacdb48145",
                    "passes": 78956
                }
            }
    }
}