{
    "metrics": {
        "http_req_failed": {
            "passes": 63106,
            "fails": 7473,
            "thresholds": {
                "rate<0.25": true
            },
            "value": 0.8941186471896739
        },
        "http_req_sending": {
            "min": 0.004,
            "med": 0.042917,
            "max": 101.940625,
            "p(90)": 0.117375,
            "p(95)": 0.19327079999999935,
            "avg": 0.10352144466484427
        },
        "custom_fallback_rate": {
            "passes": 0,
            "fails": 70579,
            "value": 0
        },
        "iteration_duration": {
            "med": 1007.889542,
            "max": 4116.37121,
            "p(90)": 1031.0673758,
            "p(95)": 3019.0727147,
            "avg": 1137.5264230209903,
            "min": 1000.922917
        },
        "http_reqs": {
            "count": 70579,
            "rate": 130.3957580822832
        },
        "custom_failure_rate": {
            "passes": 63106,
            "fails": 7473,
            "value": 0.8941186471896739
        },
        "vus": {
            "value": 1,
            "min": 1,
            "max": 200
        },
        "custom_failure_count": {
            "count": 63106,
            "rate": 116.58927881580306
        },
        "http_req_duration{expected_response:true}": {
            "avg": 1213.8251824822678,
            "min": 0.851958,
            "med": 54.713833,
            "max": 3114.91621,
            "p(90)": 2800.7413482,
            "p(95)": 2908.1447546
        },
        "vus_max": {
            "value": 200,
            "min": 200,
            "max": 200
        },
        "http_req_blocked": {
            "avg": 0.4691927849501968,
            "min": 0.001625,
            "med": 0.261584,
            "max": 98.486916,
            "p(90)": 0.7845,
            "p(95)": 1.1716415999999956
        },
        "http_req_waiting": {
            "max": 3114.56071,
            "p(90)": 26.535683,
            "p(95)": 2015.7676634999978,
            "avg": 134.58641020371522,
            "min": 0.51075,
            "med": 4.977209
        },
        "custom_success_rate": {
            "passes": 7473,
            "fails": 63106,
            "value": 0.10588135281032601
        },
        "data_sent": {
            "count": 22211212,
            "rate": 41035.546361755
        },
        "http_req_duration": {
            "avg": 134.8225343191171,
            "min": 0.568667,
            "med": 5.187708,
            "max": 3114.91621,
            "p(90)": 26.984583200000007,
            "p(95)": 2015.9653134999983,
            "thresholds": {
                "p(95)<1200": true
            }
        },
        "custom_response_time_failure": {
            "avg": 7.047254793823204,
            "min": 0.568667,
            "med": 4.611958,
            "max": 317.423083,
            "p(90)": 13.157375000000002,
            "p(95)": 17.885114249999994
        },
        "checks": {
            "passes": 78052,
            "fails": 63106,
            "value": 0.552940676405163
        },
        "custom_response_time_success": {
            "med": 54.713833,
            "max": 3114.91621,
            "p(90)": 2800.7413482,
            "p(95)": 2908.1447546,
            "avg": 1213.8251824822678,
            "min": 0.851958
        },
        "custom_availability_rate": {
            "fails": 63106,
            "passes": 7473,
            "value": 0.10588135281032601
        },
        "data_received": {
            "count": 22657474,
            "rate": 41860.02208106691
        },
        "iterations": {
            "count": 70579,
            "rate": 130.3957580822832
        },
        "custom_success_count": {
            "rate": 13.80647926648015,
            "count": 7473
        },
        "custom_response_time_total": {
            "med": 5.187708,
            "max": 3114.91621,
            "p(90)": 26.984583200000007,
            "p(95)": 2015.9653134999983,
            "avg": 134.8225343191171,
            "min": 0.568667
        },
        "http_req_connecting": {
            "min": 0,
            "med": 0.191833,
            "max": 97.767375,
            "p(90)": 0.5833004,
            "p(95)": 0.8817951999999999,
            "avg": 0.3544188374020557
        },
        "http_req_receiving": {
            "avg": 0.13260267073775278,
            "min": 0.009417,
            "med": 0.08925,
            "max": 37.289625,
            "p(90)": 0.20291620000000002,
            "p(95)": 0.2867960999999999
        },
        "http_req_tls_handshaking": {
            "max": 0,
            "p(90)": 0,
            "p(95)": 0,
            "avg": 0,
            "min": 0,
            "med": 0
        }
    },
    "root_group": {
        "path": "",
        "id": "d41d8cd98f00b204e9800998ecf8427e",
        "groups": {},
        "checks": {
                "resposta valida": {
                    "passes": 70579,
                    "fails": 0,
                    "name": "resposta valida",
                    "path": "::resposta valida",
                    "id": "ce808816d29ae732eb130bbd9da91842"
                },
                "status is 2xx or 202 fallback": {
                    "fails": 63106,
                    "name": "status is 2xx or 202 fallback",
                    "path": "::status is 2xx or 202 fallback",
                    "id": "1de0d08ae354291d7ba711eacdb48145",
                    "passes": 7473
                }
            },
        "name": ""
    }
}