{
    "root_group": {
        "checks": {
            "resposta valida": {
                "id": "ce808816d29ae732eb130bbd9da91842",
                "passes": 79374,
                "fails": 0,
                "name": "resposta valida",
                "path": "::resposta valida"
            },
            "status is 2xx or 202 fallback": {
                "name": "status is 2xx or 202 fallback",
                "path": "::status is 2xx or 202 fallback",
                "id": "1de0d08ae354291d7ba711eacdb48145",
                "passes": 79042,
                "fails": 332
            }
        },
        "name": "",
        "path": "",
        "id": "d41d8cd98f00b204e9800998ecf8427e",
        "groups": {}
    },
    "metrics": {
        "http_req_receiving": {
            "min": -0.365931,
            "med": 0.027,
            "max": 10.567167,
            "p(90)": 0.088,
            "p(95)": 0.12351434999999986,
            "avg": 0.05337656141809651
        },
        "custom_fallback_rate": {
            "fails": 748,
            "passes": 78626,
            "value": 0.9905762592284627
        },
        "http_req_blocked": {
            "p(95)": 0.016541,
            "avg": 0.016286818416610428,
            "min": 0.00075,
            "med": 0.005666,
            "max": 10.365542,
            "p(90)": 0.012708
        },
        "iteration_duration": {
            "avg": 1010.7270032466123,
            "min": 1000.280667,
            "med": 1006.078584,
            "max": 4003.570375,
            "p(90)": 1012.9003838,
            "p(95)": 1015.4733627
        },
        "custom_response_time_total": {
            "p(90)": 8.1175706,
            "p(95)": 10.70472335,
            "avg": 7.555625201715897,
            "min": 0.135167,
            "med": 2.931583,
            "max": 3001.134779
        },
        "custom_failure_count": {
            "count": 332,
            "rate": 0.6119379651111381
        },
        "data_received": {
            "count": 14065274,
            "rate": 25924.925151477706
        },
        "iterations": {
            "rate": 146.30109651425144,
            "count": 79374
        },
        "http_reqs": {
            "count": 79374,
            "rate": 146.30109651425144
        },
        "http_req_tls_handshaking": {
            "avg": 0,
            "min": 0,
            "med": 0,
            "max": 0,
            "p(90)": 0,
            "p(95)": 0
        },
        "http_req_sending": {
            "min": 0.002875,
            "med": 0.0194795,
            "max": 18.192333,
            "p(90)": 0.06725,
            "p(95)": 0.1944870499999997,
            "avg": 0.06789570450021276
        },
        "http_req_waiting": {
            "avg": 7.434352935797625,
            "min": 0.122917,
            "med": 2.8290835,
            "max": 3001.059237,
            "p(90)": 7.8988714,
            "p(95)": 10.445858099999997
        },
        "checks": {
            "passes": 158416,
            "fails": 332,
            "value": 0.9979086350694182
        },
        "data_sent": {
            "count": 24981611,
            "rate": 46045.77168836754
        },
        "custom_response_time_fallback": {
            "med": 2.8994584999999997,
            "max": 209.561291,
            "p(90)": 7.875208,
            "p(95)": 10.215760749999996,
            "avg": 3.9198714120265894,
            "min": 0.135167
        },
        "http_req_connecting": {
            "max": 9.737959,
            "p(90)": 0,
            "p(95)": 0,
            "avg": 0.0069700757174893544,
            "min": 0,
            "med": 0
        },
        "custom_failure_rate": {
            "passes": 332,
            "fails": 79042,
            "value": 0.004182729861163605
        },
        "vus": {
            "value": 1,
            "min": 1,
            "max": 200
        },
        "http_req_duration{expected_response:true}": {
            "med": 2.9181875,
            "max": 3001.134779,
            "p(90)": 8.035996500000001,
            "p(95)": 10.568333299999997,
            "avg": 7.542459663874874,
            "min": 0.135167
        },
        "http_req_duration": {
            "p(90)": 8.1175706,
            "p(95)": 10.70472335,
            "avg": 7.555625201715897,
            "min": 0.135167,
            "med": 2.931583,
            "max": 3001.134779,
            "thresholds": {
                "p(95)<1200": false
            }
        },
        "custom_success_rate": {
            "passes": 416,
            "fails": 78958,
            "value": 0.005241010910373674
        },
        "custom_fallback_count": {
            "count": 78626,
            "rate": 144.92239290610948
        },
        "custom_response_time_success": {
            "p(95)": 2788.623636749999,
            "avg": 692.2290555528837,
            "min": 2.367625,
            "med": 43.993604500000004,
            "max": 3001.134779,
            "p(90)": 2598.087786
        },
        "http_req_failed": {
            "passes": 332,
            "fails": 79042,
            "thresholds": {
                "rate<0.25": false
            },
            "value": 0.004182729861163605
        },
        "custom_response_time_failure": {
            "avg": 10.690054243975904,
            "min": 1.732,
            "med": 9.880166500000001,
            "max": 41.62675,
            "p(90)": 16.8498792,
            "p(95)": 19.109006549999997
        },
        "vus_max": {
            "value": 200,
            "min": 200,
            "max": 200
        },
        "custom_success_count": {
            "count": 416,
            "rate": 0.7667656430308236
        },
        "custom_availability_rate": {
            "passes": 79042,
            "fails": 332,
            "value": 0.9958172701388364
        }
    }
}