{
    "root_group": {
        "name": "",
        "path": "",
        "id": "d41d8cd98f00b204e9800998ecf8427e",
        "groups": {},
        "checks": {
                "resposta valida": {
                    "name": "resposta valida",
                    "path": "::resposta valida",
                    "id": "ce808816d29ae732eb130bbd9da91842",
                    "passes": 78196,
                    "fails": 0
                },
                "status is 2xx or 202 fallback": {
                    "name": "status is 2xx or 202 fallback",
                    "path": "::status is 2xx or 202 fallback",
                    "id": "1de0d08ae354291d7ba711eacdb48145",
                    "passes": 77514,
                    "fails": 682
                }
            }
    },
    "metrics": {
        "iteration_duration": {
            "p(95)": 1039.45853175,
            "avg": 1025.5116755274994,
            "min": 1000.355417,
            "med": 1003.106459,
            "max": 4031.834169,
            "p(90)": 1019.947271
        },
        "http_req_connecting": {
            "med": 0,
            "max": 97.5505,
            "p(90)": 0,
            "p(95)": 0,
            "avg": 0.015943470765768065,
            "min": 0
        },
        "custom_success_rate": {
            "passes": 1986,
            "fails": 76210,
            "value": 0.02539771855337869
        },
        "custom_availability_rate": {
            "passes": 77514,
            "fails": 682,
            "value": 0.9912783262570976
        },
        "vus_max": {
            "value": 200,
            "min": 200,
            "max": 200
        },
        "custom_fallback_rate": {
            "passes": 75528,
            "fails": 2668,
            "value": 0.9658806077037189
        },
        "custom_failure_rate": {
            "passes": 682,
            "fails": 77514,
            "value": 0.00872167374290245
        },
        "custom_failure_count": {
            "count": 682,
            "rate": 1.2572979886871651
        },
        "custom_fallback_count": {
            "count": 75528,
            "rate": 139.23929983807068
        },
        "http_req_receiving": {
            "avg": 0.11324549092025175,
            "min": 0.004417,
            "med": 0.028958,
            "max": 143.959376,
            "p(90)": 0.105958,
            "p(95)": 0.17267724999999984
        },
        "custom_response_time_fallback": {
            "avg": 4.648340269635108,
            "min": 0.213292,
            "med": 1.251666,
            "max": 224.868376,
            "p(90)": 9.2325706,
            "p(95)": 19.83270844999998
        },
        "data_sent": {
            "count": 24844790,
            "rate": 45802.49926151759
        },
        "custom_response_time_success": {
            "avg": 704.0087287860023,
            "min": 1.704708,
            "med": 45.3583335,
            "max": 3030.916085,
            "p(90)": 2618.6115640000003,
            "p(95)": 2812.00302225
        },
        "iterations": {
            "count": 78196,
            "rate": 144.15787906654188
        },
        "http_req_failed": {
            "passes": 682,
            "fails": 77514,
            "thresholds": {
                "rate<0.25": false
            },
            "value": 0.00872167374290245
        },
        "http_reqs": {
            "count": 78196,
            "rate": 144.15787906654188
        },
        "custom_response_time_failure": {
            "p(90)": 57.65668340000001,
            "p(95)": 97.55850414999995,
            "avg": 21.524134153958936,
            "min": 1.390459,
            "med": 7.0461665,
            "max": 259.181084
        },
        "custom_success_count": {
            "rate": 3.6612812397840324,
            "count": 1986
        },
        "http_req_blocked": {
            "p(95)": 0.07968774999999971,
            "avg": 0.06153661687298435,
            "min": 0.001166,
            "med": 0.008792,
            "max": 115.176875,
            "p(90)": 0.035229500000000066
        },
        "http_req_tls_handshaking": {
            "min": 0,
            "med": 0,
            "max": 0,
            "p(90)": 0,
            "p(95)": 0,
            "avg": 0
        },
        "custom_response_time_total": {
            "avg": 22.557683752966952,
            "min": 0.213292,
            "med": 1.3097295,
            "max": 3030.916085,
            "p(90)": 12.482312,
            "p(95)": 29.665239749999998
        },
        "vus": {
            "value": 1,
            "min": 1,
            "max": 200
        },
        "http_req_duration{expected_response:true}": {
            "max": 3030.916085,
            "p(90)": 12.101800200000012,
            "p(95)": 28.92038925,
            "avg": 22.56677734672454,
            "min": 0.213292,
            "med": 1.2942705
        },
        "http_req_waiting": {
            "max": 3030.829544,
            "p(90)": 11.937791500000001,
            "p(95)": 28.65430224999993,
            "avg": 22.317361358087464,
            "min": 0.134402,
            "med": 1.2159585000000002
        },
        "http_req_duration": {
            "avg": 22.557683752966952,
            "min": 0.213292,
            "med": 1.3097295,
            "max": 3030.916085,
            "p(90)": 12.482312,
            "p(95)": 29.665239749999998,
            "thresholds": {
                "p(95)<1200": false
            }
        },
        "http_req_sending": {
            "avg": 0.12707690395928192,
            "min": 0.004291,
            "med": 0.024625,
            "max": 133.540459,
            "p(90)": 0.09866650000000014,
            "p(95)": 0.21205249999999987
        },
        "checks": {
            "fails": 682,
            "passes": 155710,
            "value": 0.9956391631285487
        },
        "data_received": {
            "count": 13807152,
            "rate": 25454.11208078881
        }
    }
}