{
    "root_group": {
        "name": "",
        "path": "",
        "id": "d41d8cd98f00b204e9800998ecf8427e",
        "groups": {},
        "checks": {
                "status is 200": {
                    "path": "::status is 200",
                    "id": "6210a8cd14cd70477eba5c5e4cb3fb5f",
                    "passes": 20005,
                    "fails": 0,
                    "name": "status is 200"
                },
                "response time < 500ms": {
                    "id": "3e02485a995423a591645f4eee6c60eb",
                    "passes": 20005,
                    "fails": 0,
                    "name": "response time < 500ms",
                    "path": "::response time < 500ms"
                },
                "has valid response body": {
                    "name": "has valid response body",
                    "path": "::has valid response body",
                    "id": "fef5d6a6429b9dbddb8e8ec82501cf61",
                    "passes": 20005,
                    "fails": 0
                }
            }
    },
    "metrics": {
        "http_req_receiving": {
            "p(90)": 0.11318800000000002,
            "p(95)": 0.14976049999999988,
            "avg": 0.06331791587523716,
            "min": 0.006,
            "med": 0.042458,
            "max": 4.607791
        },
        "custom_success_rate": {
            "passes": 20005,
            "fails": 0,
            "thresholds": {
                "rate>0.99": false
            },
            "value": 1
        },
        "http_req_duration": {
            "min": 0.767583,
            "med": 6.5145625,
            "max": 239.658084,
            "p(90)": 11.144313,
            "p(95)": 13.10062525,
            "avg": 7.152519647705679,
            "thresholds": {
                "p(95)<200": false,
                "p(99)<500": false
            }
        },
        "custom_success_responses": {
            "count": 20005,
            "rate": 66.53938327893931
        },
        "data_sent": {
            "count": 4418596,
            "rate": 14696.858425333072
        },
        "http_req_sending": {
            "p(90)": 0.066167,
            "p(95)": 0.0967607499999999,
            "avg": 0.04136948710386891,
            "min": 0.003,
            "med": 0.021417,
            "max": 7.152958
        },
        "data_received": {
            "count": 3604429,
            "rate": 11988.82692990372
        },
        "custom_availability_rate": {
            "passes": 20005,
            "fails": 0,
            "value": 1
        },
        "iterations": {
            "count": 20005,
            "rate": 66.53938327893931
        },
        "http_req_connecting": {
            "avg": 0.006469952814155754,
            "min": 0,
            "med": 0,
            "max": 8.628167,
            "p(90)": 0,
            "p(95)": 0
        },
        "iteration_duration": {
            "p(95)": 1016.8729089999999,
            "avg": 1009.7583649972038,
            "min": 1001.224167,
            "med": 1009.0515,
            "max": 1243.251959,
            "p(90)": 1014.92025
        },
        "http_req_waiting": {
            "med": 6.398125,
            "max": 238.952167,
            "p(90)": 11.0366455,
            "p(95)": 12.975812749999998,
            "avg": 7.047832244726557,
            "min": 0.744209
        },
        "checks": {
            "passes": 60015,
            "fails": 0,
            "value": 1
        },
        "vus": {
            "value": 3,
            "min": 2,
            "max": 100
        },
        "vus_max": {
            "value": 100,
            "min": 100,
            "max": 100
        },
        "http_reqs": {
            "count": 20006,
            "rate": 66.54270941656885
        },
        "http_req_blocked": {
            "p(90)": 0.016625,
            "p(95)": 0.019458,
            "avg": 0.017849066130160907,
            "min": 0.000959,
            "med": 0.006542,
            "max": 8.730708
        },
        "http_req_failed": {
            "passes": 0,
            "fails": 20006,
            "thresholds": {
                "rate<0.01": false
            },
            "value": 0
        },
        "http_req_duration{expected_response:true}": {
            "max": 239.658084,
            "p(90)": 11.144313,
            "p(95)": 13.10062525,
            "avg": 7.152519647705679,
            "min": 0.767583,
            "med": 6.5145625
        },
        "custom_response_time_success": {
            "p(90)": 11.142859000000001,
            "p(95)": 13.099724999999998,
            "avg": 7.151488483579096,
            "min": 0.767583,
            "med": 6.514542,
            "max": 239.658084
        },
        "http_req_tls_handshaking": {
            "med": 0,
            "max": 0,
            "p(90)": 0,
            "p(95)": 0,
            "avg": 0,
            "min": 0
        }
    }
}