{
    "root_group": {
        "path": "",
        "id": "d41d8cd98f00b204e9800998ecf8427e",
        "groups": {},
        "checks": {
                "status is 200": {
                    "name": "status is 200",
                    "path": "::status is 200",
                    "id": "6210a8cd14cd70477eba5c5e4cb3fb5f",
                    "passes": 19530,
                    "fails": 0
                },
                "response time < 500ms": {
                    "name": "response time < 500ms",
                    "path": "::response time < 500ms",
                    "id": "3e02485a995423a591645f4eee6c60eb",
                    "passes": 19529,
                    "fails": 1
                },
                "has valid response body": {
                    "name": "has valid response body",
                    "path": "::has valid response body",
                    "id": "fef5d6a6429b9dbddb8e8ec82501cf61",
                    "passes": 19530,
                    "fails": 0
                }
            },
        "name": ""
    },
    "metrics": {
        "data_sent": {
            "count": 4372274,
            "rate": 14543.696744876384
        },
        "http_req_sending": {
            "avg": 0.08117366519891436,
            "min": 0.0045,
            "med": 0.023625,
            "max": 106.446417,
            "p(90)": 0.060334,
            "p(95)": 0.097292
        },
        "http_req_waiting": {
            "avg": 32.13331871445394,
            "min": 1.117667,
            "med": 31.108166,
            "max": 505.165209,
            "p(90)": 51.68975,
            "p(95)": 55.23399999999999
        },
        "http_reqs": {
            "count": 19531,
            "rate": 64.96686646906865
        },
        "custom_success_responses": {
            "count": 19530,
            "rate": 64.96354012292821
        },
        "http_req_blocked": {
            "max": 115.805875,
            "p(90)": 0.022458,
            "p(95)": 0.03589599999999996,
            "avg": 0.04086763345450787,
            "min": 0.001292,
            "med": 0.006709
        },
        "http_req_tls_handshaking": {
            "avg": 0,
            "min": 0,
            "med": 0,
            "max": 0,
            "p(90)": 0,
            "p(95)": 0
        },
        "checks": {
            "fails": 1,
            "passes": 58589,
            "value": 0.9999829322409968
        },
        "http_req_connecting": {
            "med": 0,
            "max": 21.732625,
            "p(90)": 0,
            "p(95)": 0,
            "avg": 0.007670713634734519,
            "min": 0
        },
        "iterations": {
            "count": 19530,
            "rate": 64.96354012292821
        },
        "custom_response_time_success": {
            "avg": 32.31536138059389,
            "min": 1.204958,
            "med": 31.2310835,
            "max": 505.748958,
            "p(90)": 51.823880100000004,
            "p(95)": 55.49509824999999
        },
        "vus": {
            "value": 4,
            "min": 2,
            "max": 100
        },
        "http_req_duration{expected_response:true}": {
            "max": 505.748958,
            "p(90)": 51.827292,
            "p(95)": 55.501583499999995,
            "avg": 32.31716998044128,
            "min": 1.204958,
            "med": 31.231084
        },
        "http_req_duration": {
            "max": 505.748958,
            "p(90)": 51.827292,
            "p(95)": 55.501583499999995,
            "avg": 32.31716998044128,
            "min": 1.204958,
            "med": 31.231084,
            "thresholds": {
                "p(99)<500": false,
                "p(95)<200": false
            }
        },
        "custom_success_rate": {
            "passes": 19530,
            "fails": 0,
            "thresholds": {
                "rate>0.99": false
            },
            "value": 1
        },
        "http_req_receiving": {
            "p(90)": 0.132042,
            "p(95)": 0.18637449999999992,
            "avg": 0.10267760078849,
            "min": 0.00825,
            "med": 0.04875,
            "max": 94.704125
        },
        "custom_availability_rate": {
            "passes": 19530,
            "fails": 0,
            "value": 1
        },
        "vus_max": {
            "min": 100,
            "max": 100,
            "value": 100
        },
        "iteration_duration": {
            "avg": 1034.049390367076,
            "min": 1001.742084,
            "med": 1032.8019175,
            "max": 1511.954792,
            "p(90)": 1053.4725586,
            "p(95)": 1058.89863415
        },
        "http_req_failed": {
            "passes": 0,
            "fails": 19531,
            "thresholds": {
                "rate<0.01": false
            },
            "value": 0
        },
        "data_received": {
            "count": 2580768,
            "rate": 8584.527676188898
        }
    }
}