{
    "metrics": {
        "http_req_duration{expected_response:true}": {
            "avg": 30.954973202567892,
            "min": 0.862875,
            "med": 30.978125,
            "max": 305.405167,
            "p(90)": 51.0252166,
            "p(95)": 53.7205166
        },
        "vus_max": {
            "value": 100,
            "min": 100,
            "max": 100
        },
        "http_req_waiting": {
            "min": 0.834375,
            "med": 30.848375,
            "max": 304.519083,
            "p(90)": 50.8965744,
            "p(95)": 53.5990918,
            "avg": 30.83184391769396
        },
        "http_req_sending": {
            "max": 2.686792,
            "p(90)": 0.0575412,
            "p(95)": 0.06902459999999996,
            "avg": 0.03491937648984583,
            "min": 0.003583,
            "med": 0.031875
        },
        "http_req_duration": {
            "min": 0.862875,
            "med": 30.978125,
            "max": 305.405167,
            "p(90)": 51.0252166,
            "p(95)": 53.7205166,
            "avg": 30.954973202567892,
            "thresholds": {
                "p(95)<200": false,
                "p(99)<500": false
            }
        },
        "http_req_receiving": {
            "avg": 0.08820990838406037,
            "min": 0.005625,
            "med": 0.085167,
            "max": 1.105667,
            "p(90)": 0.146375,
            "p(95)": 0.17
        },
        "custom_availability_rate": {
            "passes": 19548,
            "fails": 0,
            "value": 1
        },
        "custom_success_rate": {
            "passes": 19548,
            "fails": 0,
            "thresholds": {
                "rate>0.99": false
            },
            "value": 1
        },
        "http_req_failed": {
            "passes": 0,
            "fails": 19549,
            "thresholds": {
                "rate<0.01": false
            },
            "value": 0
        },
        "http_req_tls_handshaking": {
            "p(90)": 0,
            "p(95)": 0,
            "avg": 0,
            "min": 0,
            "med": 0,
            "max": 0
        },
        "iteration_duration": {
            "p(95)": 1055.88898215,
            "avg": 1033.0815412241116,
            "min": 1002.165459,
            "med": 1032.8860835,
            "max": 1377.632958,
            "p(90)": 1053.0354507
        },
        "checks": {
            "passes": 58644,
            "fails": 0,
            "value": 1
        },
        "iterations": {
            "count": 19548,
            "rate": 65.09116660661857
        },
        "data_received": {
            "count": 2583144,
            "rate": 8601.384104403884
        },
        "data_sent": {
            "count": 4317621,
            "rate": 14376.866577411249
        },
        "http_req_blocked": {
            "med": 0.008625,
            "max": 9.814916,
            "p(90)": 0.015875,
            "p(95)": 0.018291599999999998,
            "avg": 0.015376065067266872,
            "min": 0.001
        },
        "http_req_connecting": {
            "med": 0,
            "max": 9.764292,
            "p(90)": 0,
            "p(95)": 0,
            "avg": 0.004627090592869199,
            "min": 0
        },
        "vus": {
            "min": 2,
            "max": 100,
            "value": 3
        },
        "custom_success_responses": {
            "count": 19548,
            "rate": 65.09116660661857
        },
        "custom_response_time_success": {
            "p(95)": 53.7205354,
            "avg": 30.956429294352347,
            "min": 0.862875,
            "med": 30.978625,
            "max": 305.405167,
            "p(90)": 51.0253249
        },
        "http_reqs": {
            "count": 19549,
            "rate": 65.094496418702
        }
    },
    "root_group": {
        "name": "",
        "path": "",
        "id": "d41d8cd98f00b204e9800998ecf8427e",
        "groups": {},
        "checks": {
                "status is 200": {
                    "name": "status is 200",
                    "path": "::status is 200",
                    "id": "6210a8cd14cd70477eba5c5e4cb3fb5f",
                    "passes": 19548,
                    "fails": 0
                },
                "response time < 500ms": {
                    "fails": 0,
                    "name": "response time < 500ms",
                    "path": "::response time < 500ms",
                    "id": "3e02485a995423a591645f4eee6c60eb",
                    "passes": 19548
                },
                "has valid response body": {
                    "fails": 0,
                    "name": "has valid response body",
                    "path": "::has valid response body",
                    "id": "fef5d6a6429b9dbddb8e8ec82501cf61",
                    "passes": 19548
                }
            }
    }
}