{
    "metrics": {
        "custom_response_time_success": {
            "avg": 55.29204285621932,
            "min": 0.84175,
            "med": 33.570791,
            "max": 1887.747085,
            "p(90)": 56.4409832,
            "p(95)": 92.24976679999997
        },
        "custom_availability_rate": {
            "passes": 19029,
            "fails": 0,
            "value": 1
        },
        "iteration_duration": {
            "max": 2964.622793,
            "p(90)": 1062.905425,
            "p(95)": 1126.9720504,
            "avg": 1060.9385338192722,
            "min": 1001.765501,
            "med": 1035.701292
        },
        "custom_success_rate": {
            "passes": 19029,
            "fails": 0,
            "thresholds": {
                "rate>0.99": false
            },
            "value": 1
        },
        "http_req_receiving": {
            "p(90)": 0.1570041,
            "p(95)": 0.2163607499999999,
            "avg": 0.1572366774566481,
            "min": 0.006,
            "med": 0.065375,
            "max": 714.420417
        },
        "iterations": {
            "count": 19029,
            "rate": 63.283157462516535
        },
        "data_sent": {
            "count": 4203015,
            "rate": 13977.616273178777
        },
        "http_req_blocked": {
            "max": 843.277792,
            "p(90)": 0.030213100000000017,
            "p(95)": 0.055689099999999964,
            "avg": 0.16034108402522368,
            "min": 0.001125,
            "med": 0.008625
        },
        "vus": {
            "min": 2,
            "max": 100,
            "value": 3
        },
        "http_req_connecting": {
            "p(95)": 0,
            "avg": 0.012719556121912775,
            "min": 0,
            "med": 0,
            "max": 54.97575,
            "p(90)": 0
        },
        "checks": {
            "passes": 56712,
            "fails": 375,
            "value": 0.9934310788796048
        },
        "vus_max": {
            "value": 100,
            "min": 100,
            "max": 100
        },
        "http_req_duration": {
            "max": 1887.747085,
            "p(90)": 56.4430369,
            "p(95)": 92.24836264999998,
            "avg": 55.293254221965185,
            "min": 0.84175,
            "med": 33.571957999999995,
            "thresholds": {
                "p(99)<500": true,
                "p(95)<200": false
            }
        },
        "http_reqs": {
            "rate": 63.2864830790735,
            "count": 19030
        },
        "http_req_tls_handshaking": {
            "max": 0,
            "p(90)": 0,
            "p(95)": 0,
            "avg": 0,
            "min": 0,
            "med": 0
        },
        "http_req_sending": {
            "max": 480.592876,
            "p(90)": 0.0820411,
            "p(95)": 0.14436859999999974,
            "avg": 0.22860887246453032,
            "min": 0.003834,
            "med": 0.0297295
        },
        "http_req_waiting": {
            "p(90)": 56.190654800000004,
            "p(95)": 91.67360434999996,
            "avg": 54.90740867204397,
            "min": 0.803125,
            "med": 33.440562,
            "max": 1887.349084
        },
        "http_req_failed": {
            "passes": 0,
            "fails": 19030,
            "thresholds": {
                "rate<0.01": false
            },
            "value": 0
        },
        "http_req_duration{expected_response:true}": {
            "p(95)": 92.24836264999998,
            "avg": 55.293254221965185,
            "min": 0.84175,
            "med": 33.571957999999995,
            "max": 1887.747085,
            "p(90)": 56.4430369
        },
        "custom_success_responses": {
            "count": 19029,
            "rate": 63.283157462516535
        },
        "data_received": {
            "rate": 8362.58874291498,
            "count": 2514598
        }
    },
    "root_group": {
        "name": "",
        "path": "",
        "id": "d41d8cd98f00b204e9800998ecf8427e",
        "groups": {},
        "checks": {
                "status is 200": {
                    "path": "::status is 200",
                    "id": "6210a8cd14cd70477eba5c5e4cb3fb5f",
                    "passes": 19029,
                    "fails": 0,
                    "name": "status is 200"
                },
                "response time < 500ms": {
                    "path": "::response time < 500ms",
                    "id": "3e02485a995423a591645f4eee6c60eb",
                    "passes": 18654,
                    "fails": 375,
                    "name": "response time < 500ms"
                },
                "has valid response body": {
                    "id": "fef5d6a6429b9dbddb8e8ec82501cf61",
                    "passes": 19029,
                    "fails": 0,
                    "name": "has valid response body",
                    "path": "::has valid response body"
                }
            }
    }
}