{
    "metrics": {
        "custom_success_responses": {
            "count": 19477,
            "rate": 64.68012904993122
        },
        "vus_max": {
            "max": 100,
            "value": 100,
            "min": 100
        },
        "iteration_duration": {
            "avg": 1036.8194068930502,
            "min": 1002.018458,
            "med": 1033.919709,
            "max": 1466.725167,
            "p(90)": 1055.2281006,
            "p(95)": 1071.686034
        },
        "custom_success_rate": {
            "passes": 19477,
            "fails": 0,
            "thresholds": {
                "rate>0.99": false
            },
            "value": 1
        },
        "checks": {
            "passes": 58431,
            "fails": 0,
            "value": 1
        },
        "iterations": {
            "count": 19477,
            "rate": 64.68012904993122
        },
        "http_req_tls_handshaking": {
            "p(95)": 0,
            "avg": 0,
            "min": 0,
            "med": 0,
            "max": 0,
            "p(90)": 0
        },
        "http_req_duration{expected_response:true}": {
            "avg": 34.94756076296334,
            "min": 1.080458,
            "med": 32.2850625,
            "max": 462.851917,
            "p(90)": 53.2647956,
            "p(95)": 67.5730973
        },
        "http_req_waiting": {
            "p(90)": 53.131929500000005,
            "p(95)": 66.35055884999998,
            "avg": 34.75267348896223,
            "min": 1.049292,
            "med": 32.1822085,
            "max": 462.200708
        },
        "http_req_blocked": {
            "max": 127.698958,
            "p(90)": 0.0237083,
            "p(95)": 0.03946514999999996,
            "avg": 0.04236476450354249,
            "min": 0.001209,
            "med": 0.007208
        },
        "data_received": {
            "rate": 8548.686015641855,
            "count": 2574249
        },
        "custom_response_time_success": {
            "p(95)": 67.4901831999999,
            "avg": 34.94546374354367,
            "min": 1.080458,
            "med": 32.284125,
            "max": 462.851917,
            "p(90)": 53.258483000000005
        },
        "http_req_duration": {
            "min": 1.080458,
            "med": 32.2850625,
            "max": 462.851917,
            "p(90)": 53.2647956,
            "p(95)": 67.5730973,
            "avg": 34.94756076296334,
            "thresholds": {
                "p(95)<200": false,
                "p(99)<500": false
            }
        },
        "data_sent": {
            "count": 4360383,
            "rate": 14480.163020338157
        },
        "http_req_connecting": {
            "p(95)": 0,
            "avg": 0.009889248742170653,
            "min": 0,
            "med": 0,
            "max": 34.668917,
            "p(90)": 0
        },
        "http_req_sending": {
            "p(90)": 0.06301230000000002,
            "p(95)": 0.10931689999999986,
            "avg": 0.09053258373549652,
            "min": 0.004542,
            "med": 0.024125,
            "max": 144.041875
        },
        "http_reqs": {
            "count": 19478,
            "rate": 64.68344989652208
        },
        "http_req_receiving": {
            "med": 0.049,
            "max": 71.131208,
            "p(90)": 0.13269190000000003,
            "p(95)": 0.18925629999999996,
            "avg": 0.104354690265941,
            "min": 0.009042
        },
        "vus": {
            "value": 1,
            "min": 1,
            "max": 100
        },
        "custom_availability_rate": {
            "passes": 19477,
            "fails": 0,
            "value": 1
        },
        "http_req_failed": {
            "passes": 0,
            "fails": 19478,
            "thresholds": {
                "rate<0.01": false
            },
            "value": 0
        }
    },
    "root_group": {
        "name": "",
        "path": "",
        "id": "d41d8cd98f00b204e9800998ecf8427e",
        "groups": {},
        "checks": {
                "status is 200": {
                    "fails": 0,
                    "name": "status is 200",
                    "path": "::status is 200",
                    "id": "6210a8cd14cd70477eba5c5e4cb3fb5f",
                    "passes": 19477
                },
                "response time < 500ms": {
                    "fails": 0,
                    "name": "response time < 500ms",
                    "path": "::response time < 500ms",
                    "id": "3e02485a995423a591645f4eee6c60eb",
                    "passes": 19477
                },
                "has valid response body": {
                    "name": "has valid response body",
                    "path": "::has valid response body",
                    "id": "fef5d6a6429b9dbddb8e8ec82501cf61",
                    "passes": 19477,
                    "fails": 0
                }
            }
    }
}