{
    "root_group": {
        "id": "d41d8cd98f00b204e9800998ecf8427e",
        "groups": {},
        "checks": {
                "resposta valida": {
                    "name": "resposta valida",
                    "path": "::resposta valida",
                    "id": "ce808816d29ae732eb130bbd9da91842",
                    "passes": 70455,
                    "fails": 0
                },
                "status is 2xx or 202 fallback": {
                    "id": "1de0d08ae354291d7ba711eacdb48145",
                    "passes": 54831,
                    "fails": 15624,
                    "name": "status is 2xx or 202 fallback",
                    "path": "::status is 2xx or 202 fallback"
                }
            },
        "name": "",
        "path": ""
    },
    "metrics": {
        "custom_success_rate": {
            "passes": 54831,
            "fails": 15624,
            "value": 0.778241430700447
        },
        "custom_fallback_rate": {
            "passes": 0,
            "fails": 70455,
            "value": 0
        },
        "vus": {
            "value": 2,
            "min": 2,
            "max": 200
        },
        "iteration_duration": {
            "p(95)": 3602.052334999999,
            "avg": 1665.6990409988448,
            "min": 1000.968917,
            "med": 1045.910542,
            "max": 4096.599002,
            "p(90)": 3200.1849514
        },
        "http_req_blocked": {
            "max": 86.273875,
            "p(90)": 0.3023996000000001,
            "p(95)": 0.42909559999999985,
            "avg": 0.10133250470513026,
            "min": 0.001375,
            "med": 0.011083
        },
        "http_req_sending": {
            "min": 0.004417,
            "med": 0.035542,
            "max": 78.10525,
            "p(90)": 0.07825,
            "p(95)": 0.100208,
            "avg": 0.0549172151728051
        },
        "http_req_receiving": {
            "avg": 0.11051586130154026,
            "min": 0.008,
            "med": 0.08775,
            "max": 74.977334,
            "p(90)": 0.183833,
            "p(95)": 0.2275
        },
        "http_reqs": {
            "rate": 90.2550403564001,
            "count": 70455
        },
        "http_req_failed": {
            "passes": 15624,
            "fails": 54831,
            "value": 0.2217585692995529
        },
        "custom_response_time_failure": {
            "avg": 1514.776495132293,
            "min": 764.683694,
            "med": 1515.90123,
            "max": 2378.230626,
            "p(90)": 1949.5837886000002,
            "p(95)": 2039.6749225
        },
        "custom_response_time_success": {
            "med": 35.531125,
            "max": 3094.69746,
            "p(90)": 2368.232835,
            "p(95)": 2693.51414,
            "avg": 421.2295088388484,
            "min": 0.712625
        },
        "checks": {
            "passes": 125286,
            "fails": 15624,
            "value": 0.8891207153502235
        },
        "http_req_duration": {
            "avg": 663.73292398112,
            "min": 0.712625,
            "med": 44.071625,
            "max": 3094.69746,
            "p(90)": 2197.8139426000002,
            "p(95)": 2600.3041642999997
        },
        "http_req_duration{expected_response:true}": {
            "avg": 421.2295088388484,
            "min": 0.712625,
            "med": 35.531125,
            "max": 3094.69746,
            "p(90)": 2368.232835,
            "p(95)": 2693.51414
        },
        "custom_availability_rate": {
            "passes": 54831,
            "fails": 15624,
            "value": 0.778241430700447
        },
        "vus_max": {
            "value": 200,
            "min": 200,
            "max": 200
        },
        "custom_failure_rate": {
            "passes": 15624,
            "fails": 54831,
            "value": 0.2217585692995529
        },
        "data_sent": {
            "rate": 28475.596538123555,
            "count": 22228655
        },
        "data_received": {
            "rate": 16180.691256068789,
            "count": 12630991
        },
        "iterations": {
            "count": 70455,
            "rate": 90.2550403564001
        },
        "http_req_waiting": {
            "p(95)": 2600.1675225,
            "avg": 663.5674909046509,
            "min": 0.6895,
            "med": 43.93875,
            "max": 3094.557919,
            "p(90)": 2197.678467
        },
        "custom_response_time_total": {
            "p(95)": 2600.3041642999997,
            "avg": 663.73292398112,
            "min": 0.712625,
            "med": 44.071625,
            "max": 3094.69746,
            "p(90)": 2197.8139426000002
        },
        "http_req_tls_handshaking": {
            "p(90)": 0,
            "p(95)": 0,
            "avg": 0,
            "min": 0,
            "med": 0,
            "max": 0
        },
        "custom_success_count": {
            "rate": 70.2402117348914,
            "count": 54831
        },
        "custom_failure_count": {
            "count": 15624,
            "rate": 20.0148286215087
        },
        "http_req_connecting": {
            "avg": 0.06649471068057652,
            "min": 0,
            "med": 0,
            "max": 48.396458,
            "p(90)": 0.219375,
            "p(95)": 0.313083
        }
    }
}