{
    "root_group": {
        "name": "",
        "path": "",
        "id": "d41d8cd98f00b204e9800998ecf8427e",
        "groups": {},
        "checks": {
                "resposta valida": {
                    "passes": 80244,
                    "fails": 1,
                    "name": "resposta valida",
                    "path": "::resposta valida",
                    "id": "ce808816d29ae732eb130bbd9da91842"
                }
            }
    },
    "metrics": {
        "data_sent": {
            "count": 17780337,
            "rate": 22701.876945545406
        },
        "http_req_duration{expected_response:true}": {
            "p(90)": 3004.8251932000003,
            "p(95)": 3006.5956807,
            "avg": 485.6975791401929,
            "min": 0.647417,
            "med": 4.223125,
            "max": 3065.289376
        },
        "http_req_tls_handshaking": {
            "max": 0,
            "p(90)": 0,
            "p(95)": 0,
            "avg": 0,
            "min": 0,
            "med": 0
        },
        "checks": {
            "passes": 80244,
            "fails": 1,
            "value": 0.9999875381643716
        },
        "iterations": {
            "count": 80245,
            "rate": 102.45655723484268
        },
        "http_req_duration": {
            "p(95)": 3006.4759184,
            "avg": 461.4170862494132,
            "min": 0,
            "med": 4.315375,
            "max": 3065.289376,
            "p(90)": 3004.6642012
        },
        "http_req_receiving": {
            "min": 0,
            "med": 0.06475,
            "max": 7.632125,
            "p(90)": 0.148041,
            "p(95)": 0.18944979999999983,
            "avg": 0.08353494167860838
        },
        "data_received": {
            "count": 14924567,
            "rate": 19055.639018515103
        },
        "vus": {
            "value": 1,
            "min": 1,
            "max": 200
        },
        "http_req_sending": {
            "med": 0.027583,
            "max": 9.706708,
            "p(90)": 0.066042,
            "p(95)": 0.08832479999999984,
            "avg": 0.03926368609882211,
            "min": 0
        },
        "http_req_waiting": {
            "avg": 461.2942876216334,
            "min": 0,
            "med": 4.195542,
            "max": 3064.363085,
            "p(90)": 3004.5367096,
            "p(95)": 3006.3155758
        },
        "http_req_failed": {
            "fails": 76175,
            "passes": 4070,
            "value": 0.05071967100753941
        },
        "http_req_connecting": {
            "min": 0,
            "med": 0,
            "max": 8.412708,
            "p(90)": 0,
            "p(95)": 0.16647499999999957,
            "avg": 0.021681913888715782
        },
        "http_reqs": {
            "count": 80245,
            "rate": 102.45655723484268
        },
        "http_req_blocked": {
            "p(90)": 0.022,
            "p(95)": 0.24524119999999913,
            "avg": 0.03949165855816518,
            "min": 0,
            "med": 0.007916,
            "max": 17.856084
        },
        "vus_max": {
            "max": 200,
            "value": 200,
            "min": 200
        },
        "iteration_duration": {
            "min": 1000.828834,
            "med": 1006.015751,
            "max": 4065.609127,
            "p(90)": 4006.1494016,
            "p(95)": 4008.7708102,
            "avg": 1463.2529108940882
        }
    }
}