{
    "root_group": {
        "path": "",
        "id": "d41d8cd98f00b204e9800998ecf8427e",
        "groups": {},
        "checks": {
                "resposta valida": {
                    "fails": 0,
                    "name": "resposta valida",
                    "path": "::resposta valida",
                    "id": "ce808816d29ae732eb130bbd9da91842",
                    "passes": 92540
                },
                "status is 2xx or 202 fallback": {
                    "name": "status is 2xx or 202 fallback",
                    "path": "::status is 2xx or 202 fallback",
                    "id": "1de0d08ae354291d7ba711eacdb48145",
                    "passes": 58394,
                    "fails": 34146
                }
            },
        "name": ""
    },
    "metrics": {
        "data_received": {
            "count": 19172673,
            "rate": 24483.209197601012
        },
        "http_req_blocked": {
            "med": 0.012917,
            "max": 10.9295,
            "p(90)": 0.44375420000000004,
            "p(95)": 0.60791605,
            "avg": 0.1458397831208119,
            "min": 0.001166
        },
        "http_req_tls_handshaking": {
            "p(95)": 0,
            "avg": 0,
            "min": 0,
            "med": 0,
            "max": 0,
            "p(90)": 0
        },
        "http_req_waiting": {
            "p(95)": 2502.2344657999993,
            "avg": 265.939574678808,
            "min": 0.501375,
            "med": 17.549896,
            "max": 3017.768335,
            "p(90)": 62.72642090000003
        },
        "custom_failure_count": {
            "count": 34146,
            "rate": 43.60391799626918
        },
        "http_req_duration": {
            "med": 17.673396,
            "max": 3017.852835,
            "p(90)": 62.863778600000124,
            "p(95)": 2502.3759401999996,
            "avg": 266.08006180458267,
            "min": 0.533666
        },
        "http_req_failed": {
            "passes": 34146,
            "fails": 58394,
            "value": 0.36898638426626323
        },
        "http_req_connecting": {
            "avg": 0.10449391859736304,
            "min": 0,
            "med": 0,
            "max": 8.954834,
            "p(90)": 0.319417,
            "p(95)": 0.449125
        },
        "custom_response_time_success": {
            "p(95)": 2685.385728099999,
            "avg": 418.4216993547116,
            "min": 0.757333,
            "med": 34.897646,
            "max": 3017.852835,
            "p(90)": 2369.0866179
        },
        "custom_success_rate": {
            "passes": 58394,
            "fails": 34146,
            "value": 0.6310136157337367
        },
        "custom_availability_rate": {
            "passes": 58394,
            "fails": 34146,
            "value": 0.6310136157337367
        },
        "iterations": {
            "count": 92540,
            "rate": 118.17215988328795
        },
        "custom_response_time_failure": {
            "avg": 5.556498778099947,
            "min": 0.533666,
            "med": 4.733416,
            "max": 87.902292,
            "p(90)": 10.332521,
            "p(95)": 12.26343775
        },
        "vus_max": {
            "value": 200,
            "min": 200,
            "max": 200
        },
        "http_req_duration{expected_response:true}": {
            "max": 3017.852835,
            "p(90)": 2369.0866179,
            "p(95)": 2685.385728099999,
            "avg": 418.4216993547116,
            "min": 0.757333,
            "med": 34.897646
        },
        "http_req_sending": {
            "avg": 0.0434389836178946,
            "min": 0.003583,
            "med": 0.03375,
            "max": 5.062417,
            "p(90)": 0.068833,
            "p(95)": 0.09300204999999984
        },
        "custom_failure_rate": {
            "passes": 34146,
            "fails": 58394,
            "value": 0.36898638426626323
        },
        "checks": {
            "passes": 150934,
            "fails": 34146,
            "value": 0.8155068078668684
        },
        "vus": {
            "value": 1,
            "min": 1,
            "max": 200
        },
        "iteration_duration": {
            "min": 1000.7935,
            "med": 1019.790896,
            "max": 4025.641502,
            "p(90)": 1066.9613799,
            "p(95)": 3504.4872450999997,
            "avg": 1268.1730051704908
        },
        "http_reqs": {
            "count": 92540,
            "rate": 118.17215988328795
        },
        "http_req_receiving": {
            "p(90)": 0.1552131000000001,
            "p(95)": 0.192083,
            "avg": 0.0970481421547422,
            "min": 0.006584,
            "med": 0.0853545,
            "max": 7.794041
        },
        "custom_fallback_rate": {
            "fails": 92540,
            "passes": 0,
            "value": 0
        },
        "custom_success_count": {
            "count": 58394,
            "rate": 74.56824188701876
        },
        "data_sent": {
            "count": 29179433,
            "rate": 37261.68815409216
        },
        "custom_response_time_total": {
            "max": 3017.852835,
            "p(90)": 62.863778600000124,
            "p(95)": 2502.3759401999996,
            "avg": 266.08006180458267,
            "min": 0.533666,
            "med": 17.673396
        }
    }
}