{
    "root_group": {
        "id": "d41d8cd98f00b204e9800998ecf8427e",
        "groups": {},
        "checks": {
                "resposta valida": {
                    "name": "resposta valida",
                    "path": "::resposta valida",
                    "id": "ce808816d29ae732eb130bbd9da91842",
                    "passes": 92894,
                    "fails": 0
                },
                "status is 2xx or 202 fallback": {
                    "passes": 92894,
                    "fails": 0,
                    "name": "status is 2xx or 202 fallback",
                    "path": "::status is 2xx or 202 fallback",
                    "id": "1de0d08ae354291d7ba711eacdb48145"
                }
            },
        "name": "",
        "path": ""
    },
    "metrics": {
        "custom_response_time_success": {
            "med": 36.146625,
            "max": 3208.916668,
            "p(90)": 2365.4526428000004,
            "p(95)": 2680.0467762999997,
            "avg": 423.8711668622565,
            "min": 0.888459
        },
        "checks": {
            "passes": 185788,
            "fails": 0,
            "value": 1
        },
        "iteration_duration": {
            "p(90)": 1145.9921796000003,
            "p(95)": 3479.550781049999,
            "avg": 1263.3292806113145,
            "min": 1000.423417,
            "med": 1019.56473,
            "max": 4225.561461
        },
        "custom_response_time_total": {
            "avg": 260.89356741782086,
            "min": 0.177625,
            "med": 17.365688,
            "max": 3208.916668,
            "p(90)": 136.15596680000095,
            "p(95)": 2477.4934118499996
        },
        "data_sent": {
            "count": 29291447,
            "rate": 37524.43963663769
        },
        "http_req_blocked": {
            "med": 0.008584,
            "max": 90.421583,
            "p(90)": 0.020875,
            "p(95)": 0.031208349999999996,
            "avg": 0.02476415998880491,
            "min": 0.001125
        },
        "custom_success_count": {
            "count": 56859,
            "rate": 72.84044770132327
        },
        "data_received": {
            "rate": 18157.10246534325,
            "count": 14173371
        },
        "iterations": {
            "count": 92894,
            "rate": 119.00386128434766
        },
        "vus_max": {
            "value": 200,
            "min": 200,
            "max": 200
        },
        "custom_success_rate": {
            "passes": 56859,
            "fails": 36035,
            "value": 0.6120847417486598
        },
        "vus": {
            "value": 3,
            "min": 2,
            "max": 200
        },
        "http_req_connecting": {
            "p(90)": 0,
            "p(95)": 0,
            "avg": 0.007089423611858678,
            "min": 0,
            "med": 0,
            "max": 70.850375
        },
        "http_req_tls_handshaking": {
            "avg": 0,
            "min": 0,
            "med": 0,
            "max": 0,
            "p(90)": 0,
            "p(95)": 0
        },
        "http_req_failed": {
            "passes": 0,
            "fails": 92894,
            "value": 0
        },
        "custom_response_time_fallback": {
            "avg": 3.73404676259193,
            "min": 0.177625,
            "med": 2.263666,
            "max": 238.371292,
            "p(90)": 5.6266082000000015,
            "p(95)": 7.6676918999999994
        },
        "custom_availability_rate": {
            "passes": 92894,
            "fails": 0,
            "value": 1
        },
        "custom_fallback_count": {
            "count": 36035,
            "rate": 46.16341358302439
        },
        "http_req_waiting": {
            "avg": 260.7520929191781,
            "min": 0.162417,
            "med": 17.226354,
            "max": 3207.64921,
            "p(90)": 135.59493760000007,
            "p(95)": 2477.324826
        },
        "http_req_receiving": {
            "avg": 0.08465757574224328,
            "min": 0.00525,
            "med": 0.060042,
            "max": 43.951375,
            "p(90)": 0.141,
            "p(95)": 0.1805
        },
        "custom_fallback_rate": {
            "passes": 36035,
            "fails": 56859,
            "value": 0.3879152582513402
        },
        "http_req_duration{expected_response:true}": {
            "avg": 260.89356741782086,
            "min": 0.177625,
            "med": 17.365688,
            "max": 3208.916668,
            "p(90)": 136.15596680000095,
            "p(95)": 2477.4934118499996
        },
        "http_req_sending": {
            "med": 0.031042,
            "max": 85.8365,
            "p(90)": 0.071084,
            "p(95)": 0.096042,
            "avg": 0.05681692290137253,
            "min": 0.003709
        },
        "http_reqs": {
            "count": 92894,
            "rate": 119.00386128434766
        },
        "http_req_duration": {
            "avg": 260.89356741782086,
            "min": 0.177625,
            "med": 17.365688,
            "max": 3208.916668,
            "p(90)": 136.15596680000095,
            "p(95)": 2477.4934118499996
        },
        "custom_failure_rate": {
            "passes": 0,
            "fails": 92894,
            "value": 0
        }
    }
}