{
    "root_group": {
        "name": "",
        "path": "",
        "id": "d41d8cd98f00b204e9800998ecf8427e",
        "groups": {},
        "checks": {
                "resposta valida": {
                    "id": "ce808816d29ae732eb130bbd9da91842",
                    "passes": 91424,
                    "fails": 0,
                    "name": "resposta valida",
                    "path": "::resposta valida"
                },
                "status is 2xx or 202 fallback": {
                    "name": "status is 2xx or 202 fallback",
                    "path": "::status is 2xx or 202 fallback",
                    "id": "1de0d08ae354291d7ba711eacdb48145",
                    "passes": 57731,
                    "fails": 33693
                }
            }
    },
    "metrics": {
        "vus_max": {
            "min": 200,
            "max": 200,
            "value": 200
        },
        "data_received": {
            "count": 19036012,
            "rate": 24341.834047399854
        },
        "custom_success_rate": {
            "passes": 57731,
            "fails": 33693,
            "value": 0.631464385719286
        },
        "custom_availability_rate": {
            "fails": 33693,
            "passes": 57731,
            "value": 0.631464385719286
        },
        "data_sent": {
            "count": 29101830,
            "rate": 37213.25224714307
        },
        "http_req_duration{expected_response:true}": {
            "avg": 433.85285395733655,
            "min": 0.986166,
            "med": 39.599917,
            "max": 3262.121793,
            "p(90)": 2391.339042,
            "p(95)": 2704.2177644999997
        },
        "http_req_connecting": {
            "min": 0,
            "med": 0,
            "max": 166.462042,
            "p(90)": 0.343167,
            "p(95)": 0.7681186999999998,
            "avg": 0.3034487225126866
        },
        "http_req_receiving": {
            "p(90)": 0.2062087,
            "p(95)": 0.343125,
            "avg": 0.1770867143200918,
            "min": 0.006584,
            "med": 0.061708,
            "max": 104.2525
        },
        "iteration_duration": {
            "max": 4263.957627,
            "p(90)": 3007.4731224,
            "p(95)": 3519.4528947999997,
            "avg": 1283.1075629959685,
            "min": 1000.935417,
            "med": 1027.9888755000002
        },
        "http_req_blocked": {
            "avg": 0.4322813267522703,
            "min": 0.001208,
            "med": 0.031667,
            "max": 166.524125,
            "p(90)": 0.504708,
            "p(95)": 1.133873199999999
        },
        "http_req_tls_handshaking": {
            "avg": 0,
            "min": 0,
            "med": 0,
            "max": 0,
            "p(90)": 0,
            "p(95)": 0
        },
        "http_req_failed": {
            "passes": 33693,
            "fails": 57731,
            "value": 0.368535614280714
        },
        "custom_response_time_success": {
            "avg": 433.8528539573366,
            "min": 0.986166,
            "med": 39.599917,
            "max": 3262.121793,
            "p(90)": 2391.339042,
            "p(95)": 2704.2177644999997
        },
        "iterations": {
            "count": 91424,
            "rate": 116.90620051875804
        },
        "custom_response_time_total": {
            "med": 25.050917,
            "max": 3262.121793,
            "p(90)": 2005.6783172000007,
            "p(95)": 2517.04536165,
            "avg": 279.79717130139625,
            "min": 0.487903
        },
        "custom_failure_count": {
            "count": 33693,
            "rate": 43.084098421404825
        },
        "http_reqs": {
            "rate": 116.90620051875804,
            "count": 91424
        },
        "custom_fallback_rate": {
            "passes": 0,
            "fails": 91424,
            "value": 0
        },
        "http_req_duration": {
            "p(95)": 2517.04536165,
            "avg": 279.79717130139625,
            "min": 0.487903,
            "med": 25.050917,
            "max": 3262.121793,
            "p(90)": 2005.6783172000007
        },
        "checks": {
            "passes": 149155,
            "fails": 33693,
            "value": 0.8157321928596429
        },
        "http_req_waiting": {
            "p(90)": 2005.5126546000006,
            "p(95)": 2516.7775241499994,
            "avg": 279.44851918312565,
            "min": 0.336819,
            "med": 24.807896,
            "max": 3259.575293
        },
        "custom_failure_rate": {
            "passes": 33693,
            "fails": 57731,
            "value": 0.368535614280714
        },
        "custom_response_time_failure": {
            "avg": 15.831700271510284,
            "min": 0.487903,
            "med": 3.775458,
            "max": 654.112917,
            "p(90)": 36.029692,
            "p(95)": 82.398508
        },
        "http_req_sending": {
            "p(90)": 0.15332040000000008,
            "p(95)": 0.3019525499999998,
            "avg": 0.1715654039530095,
            "min": 0.004875,
            "med": 0.035709,
            "max": 145.375167
        },
        "custom_success_count": {
            "count": 57731,
            "rate": 73.82210209735321
        },
        "vus": {
            "max": 200,
            "value": 1,
            "min": 1
        }
    }
}