{
    "metrics": {
        "custom_success_rate": {
            "passes": 56358,
            "fails": 33909,
            "value": 0.624347768287414
        },
        "http_reqs": {
            "count": 90267,
            "rate": 115.57170637338501
        },
        "http_req_duration{expected_response:true}": {
            "avg": 473.3808884353216,
            "min": 0.135417,
            "med": 4.3157705,
            "max": 3253.071585,
            "p(90)": 3004.682052,
            "p(95)": 3006.84641625
        },
        "http_req_duration": {
            "p(95)": 3005.3831143,
            "avg": 298.6972610459516,
            "min": 0.135417,
            "med": 4.615875,
            "max": 3253.071585,
            "p(90)": 124.74583380000061
        },
        "http_req_tls_handshaking": {
            "max": 0,
            "p(90)": 0,
            "p(95)": 0,
            "avg": 0,
            "min": 0,
            "med": 0
        },
        "http_req_failed": {
            "passes": 33909,
            "fails": 56358,
            "value": 0.375652231712586
        },
        "vus": {
            "value": 1,
            "min": 1,
            "max": 200
        },
        "http_req_blocked": {
            "p(95)": 0.5537667999999997,
            "avg": 0.13009016544252103,
            "min": 0.001041,
            "med": 0.011792,
            "max": 42.713667,
            "p(90)": 0.37114140000000007
        },
        "custom_api_failures": {
            "count": 33909,
            "rate": 43.41476942199378
        },
        "checks": {
            "passes": 146625,
            "fails": 33909,
            "value": 0.812173884143707
        },
        "data_received": {
            "count": 18762272,
            "rate": 24021.93260528857
        },
        "vus_max": {
            "value": 200,
            "min": 200,
            "max": 200
        },
        "http_req_receiving": {
            "avg": 0.09043988371165443,
            "min": 0.006209,
            "med": 0.065375,
            "max": 73.18425,
            "p(90)": 0.15475,
            "p(95)": 0.203542
        },
        "custom_success_responses": {
            "count": 56358,
            "rate": 72.15693695139123
        },
        "data_sent": {
            "rate": 25558.559888609194,
            "count": 19962451
        },
        "iterations": {
            "count": 90267,
            "rate": 115.57170637338501
        },
        "custom_response_time_failure": {
            "med": 5.416333,
            "max": 286.089042,
            "p(90)": 14.470841400000001,
            "p(95)": 20.440533599999977,
            "avg": 8.366674110029903,
            "min": 0.826667
        },
        "custom_availability_rate": {
            "passes": 56358,
            "fails": 33909,
            "value": 0.624347768287414
        },
        "http_req_connecting": {
            "max": 42.599375,
            "p(90)": 0.2795168000000001,
            "p(95)": 0.4256291999999995,
            "avg": 0.0972458360087299,
            "min": 0,
            "med": 0
        },
        "http_req_sending": {
            "med": 0.025417,
            "max": 19.934875,
            "p(90)": 0.066416,
            "p(95)": 0.090667,
            "avg": 0.041273038762781794,
            "min": 0.003125
        },
        "http_req_waiting": {
            "max": 3252.878335,
            "p(90)": 124.6002750000001,
            "p(95)": 3005.2624974,
            "avg": 298.56554812347633,
            "min": 0,
            "med": 4.4825
        },
        "custom_response_time_success": {
            "p(95)": 3006.84641625,
            "avg": 473.3808884353216,
            "min": 0.135417,
            "med": 4.3157705,
            "max": 3253.071585,
            "p(90)": 3004.682052
        },
        "iteration_duration": {
            "avg": 1300.5974779830256,
            "min": 1000.960834,
            "med": 1006.492667,
            "max": 4254.089419,
            "p(90)": 1128.3639592000004,
            "p(95)": 4007.1613643
        }
    },
    "root_group": {
        "name": "",
        "path": "",
        "id": "d41d8cd98f00b204e9800998ecf8427e",
        "groups": {},
        "checks": {
                "resposta valida": {
                    "name": "resposta valida",
                    "path": "::resposta valida",
                    "id": "ce808816d29ae732eb130bbd9da91842",
                    "passes": 90267,
                    "fails": 0
                },
                "status is 2xx or 202 fallback": {
                    "name": "status is 2xx or 202 fallback",
                    "path": "::status is 2xx or 202 fallback",
                    "id": "1de0d08ae354291d7ba711eacdb48145",
                    "passes": 56358,
                    "fails": 33909
                }
            }
    }
}