{
    "root_group": {
        "name": "",
        "path": "",
        "id": "d41d8cd98f00b204e9800998ecf8427e",
        "groups": {},
        "checks": {
                "resposta valida": {
                    "path": "::resposta valida",
                    "id": "ce808816d29ae732eb130bbd9da91842",
                    "passes": 83008,
                    "fails": 7,
                    "name": "resposta valida"
                }
            }
    },
    "metrics": {
        "http_req_duration": {
            "min": 0,
            "med": 4.49875,
            "max": 3061.408085,
            "p(90)": 3004.6014346,
            "p(95)": 3006.5542101,
            "avg": 411.7606215683194
        },
        "iteration_duration": {
            "avg": 1413.7431604271503,
            "min": 1000.430251,
            "med": 1006.348125,
            "max": 4097.061669,
            "p(90)": 4006.0150518,
            "p(95)": 4008.8006726
        },
        "http_req_tls_handshaking": {
            "avg": 0,
            "min": 0,
            "med": 0,
            "max": 0,
            "p(90)": 0,
            "p(95)": 0
        },
        "http_req_waiting": {
            "max": 3061.259418,
            "p(90)": 3004.4728345999997,
            "p(95)": 3006.3978893,
            "avg": 411.63658029803,
            "min": 0,
            "med": 4.377125
        },
        "http_req_connecting": {
            "p(90)": 0,
            "p(95)": 0.1302083,
            "avg": 0.022607860904655764,
            "min": 0,
            "med": 0,
            "max": 48.271
        },
        "http_req_failed": {
            "passes": 3974,
            "fails": 79041,
            "value": 0.04787086671083539
        },
        "vus_max": {
            "value": 200,
            "min": 200,
            "max": 200
        },
        "data_received": {
            "count": 15683757,
            "rate": 20086.35147619085
        },
        "http_req_duration{expected_response:true}": {
            "p(90)": 3004.765835,
            "p(95)": 3006.69421,
            "avg": 432.1762927986992,
            "min": 0.253375,
            "med": 4.471,
            "max": 3061.408085
        },
        "http_reqs": {
            "count": 83015,
            "rate": 106.31817795927235
        },
        "data_sent": {
            "count": 18381517,
            "rate": 23541.400898239954
        },
        "http_req_blocked": {
            "avg": 0.040950727651628833,
            "min": 0,
            "med": 0.007875,
            "max": 48.372084,
            "p(90)": 0.02275,
            "p(95)": 0.20744189999999968
        },
        "http_req_receiving": {
            "avg": 0.08134937567909435,
            "min": 0,
            "med": 0.061625,
            "max": 11.085417,
            "p(90)": 0.147167,
            "p(95)": 0.18959559999999984
        },
        "checks": {
            "fails": 7,
            "passes": 83008,
            "value": 0.9999156778895381
        },
        "vus": {
            "value": 3,
            "min": 2,
            "max": 200
        },
        "iterations": {
            "count": 83015,
            "rate": 106.31817795927235
        },
        "http_req_sending": {
            "max": 42.738166,
            "p(90)": 0.06910860000000008,
            "p(95)": 0.0941663,
            "avg": 0.04269189460940783,
            "min": 0,
            "med": 0.027541
        }
    }
}