{
    "root_group": {
        "name": "",
        "path": "",
        "id": "d41d8cd98f00b204e9800998ecf8427e",
        "groups": {},
        "checks": {
                "resposta valida": {
                    "fails": 0,
                    "name": "resposta valida",
                    "path": "::resposta valida",
                    "id": "ce808816d29ae732eb130bbd9da91842",
                    "passes": 70638
                },
                "status is 2xx or 202 fallback": {
                    "name": "status is 2xx or 202 fallback",
                    "path": "::status is 2xx or 202 fallback",
                    "id": "1de0d08ae354291d7ba711eacdb48145",
                    "passes": 54998,
                    "fails": 15640
                }
            }
    },
    "metrics": {
        "checks": {
            "passes": 125636,
            "fails": 15640,
            "value": 0.8892947138933719
        },
        "data_received": {
            "count": 12657027,
            "rate": 16161.795348486232
        },
        "custom_success_rate": {
            "passes": 54998,
            "fails": 15640,
            "value": 0.7785894277867437
        },
        "http_req_failed": {
            "passes": 15640,
            "fails": 54998,
            "value": 0.22141057221325633
        },
        "custom_failure_rate": {
            "passes": 15640,
            "fails": 54998,
            "value": 0.22141057221325633
        },
        "custom_success_count": {
            "count": 54998,
            "rate": 70.22710946070082
        },
        "custom_response_time_success": {
            "p(90)": 2370.5408967999997,
            "p(95)": 2687.916311799999,
            "avg": 418.31700549010924,
            "min": 0.626208,
            "med": 34.8236875,
            "max": 3042.304335
        },
        "data_sent": {
            "count": 22285893,
            "rate": 28456.922927024007
        },
        "custom_response_time_failure": {
            "p(90)": 1942.5890423,
            "p(95)": 2035.6284030999998,
            "avg": 1508.5732079565196,
            "min": 762.437209,
            "med": 1506.6003965,
            "max": 2262.787293
        },
        "http_reqs": {
            "count": 70638,
            "rate": 90.19787188779564
        },
        "vus": {
            "min": 1,
            "max": 200,
            "value": 1
        },
        "http_req_receiving": {
            "avg": 0.09307186058495412,
            "min": 0.006917,
            "med": 0.088208,
            "max": 6.061416,
            "p(90)": 0.153708,
            "p(95)": 0.1895
        },
        "custom_failure_count": {
            "count": 15640,
            "rate": 19.97076242709482
        },
        "custom_fallback_rate": {
            "passes": 0,
            "fails": 70638,
            "value": 0
        },
        "http_req_tls_handshaking": {
            "max": 0,
            "p(90)": 0,
            "p(95)": 0,
            "avg": 0,
            "min": 0,
            "med": 0
        },
        "iterations": {
            "count": 70638,
            "rate": 90.19787188779564
        },
        "http_req_blocked": {
            "avg": 0.07114693111356592,
            "min": 0.001208,
            "med": 0.010291,
            "max": 9.687708,
            "p(90)": 0.2583463000000001,
            "p(95)": 0.384708
        },
        "custom_response_time_total": {
            "med": 43.309375,
            "max": 3042.304335,
            "p(90)": 2195.8789304,
            "p(95)": 2595.7852528,
            "avg": 659.7112551372519,
            "min": 0.626208
        },
        "http_req_waiting": {
            "p(90)": 2195.7674663,
            "p(95)": 2595.69278225,
            "avg": 659.5804875397605,
            "min": 0.60375,
            "med": 43.1737085,
            "max": 3042.265001
        },
        "http_req_duration": {
            "avg": 659.7112551372519,
            "min": 0.626208,
            "med": 43.309375,
            "max": 3042.304335,
            "p(90)": 2195.8789304,
            "p(95)": 2595.7852528
        },
        "http_req_duration{expected_response:true}": {
            "min": 0.626208,
            "med": 34.8236875,
            "max": 3042.304335,
            "p(90)": 2370.5408967999997,
            "p(95)": 2687.916311799999,
            "avg": 418.31700549010924
        },
        "http_req_sending": {
            "avg": 0.037695736897987164,
            "min": 0.004166,
            "med": 0.034208,
            "max": 4.18375,
            "p(90)": 0.062459,
            "p(95)": 0.07679114999999999
        },
        "iteration_duration": {
            "min": 1001.446542,
            "med": 1045.0041675,
            "max": 4044.510752,
            "p(90)": 3197.9441769,
            "p(95)": 3597.83917875,
            "avg": 1661.4235253163117
        },
        "vus_max": {
            "value": 200,
            "min": 200,
            "max": 200
        },
        "http_req_connecting": {
            "avg": 0.04869753730286834,
            "min": 0,
            "med": 0,
            "max": 9.62875,
            "p(90)": 0.19422130000000007,
            "p(95)": 0.2890892999999998
        },
        "custom_availability_rate": {
            "passes": 54998,
            "fails": 15640,
            "value": 0.7785894277867437
        }
    }
}