{
    "root_group": {
        "id": "d41d8cd98f00b204e9800998ecf8427e",
        "groups": {},
        "checks": {
                "resposta valida": {
                    "name": "resposta valida",
                    "path": "::resposta valida",
                    "id": "ce808816d29ae732eb130bbd9da91842",
                    "passes": 69866,
                    "fails": 0
                },
                "status is 2xx or 202 fallback": {
                    "name": "status is 2xx or 202 fallback",
                    "path": "::status is 2xx or 202 fallback",
                    "id": "1de0d08ae354291d7ba711eacdb48145",
                    "passes": 54442,
                    "fails": 15424
                }
            },
        "name": "",
        "path": ""
    },
    "metrics": {
        "http_reqs": {
            "count": 69866,
            "rate": 89.20831577479241
        },
        "vus": {
            "value": 1,
            "min": 1,
            "max": 200
        },
        "http_req_sending": {
            "avg": 0.16582829184438716,
            "min": 0.004792,
            "med": 0.039125,
            "max": 147.907042,
            "p(90)": 0.162375,
            "p(95)": 0.31360424999999975
        },
        "custom_failure_count": {
            "count": 15424,
            "rate": 19.694115342375376
        },
        "custom_success_rate": {
            "passes": 54442,
            "fails": 15424,
            "value": 0.7792345346806744
        },
        "checks": {
            "fails": 15424,
            "passes": 124308,
            "value": 0.8896172673403372
        },
        "data_sent": {
            "count": 22252204,
            "rate": 28412.699182965946
        },
        "custom_response_time_total": {
            "avg": 676.5648535774004,
            "min": 1.0195,
            "med": 48.7723955,
            "max": 3604.145294,
            "p(90)": 2217.9851255000003,
            "p(95)": 2610.69484475
        },
        "custom_success_count": {
            "count": 54442,
            "rate": 69.51420043241703
        },
        "http_req_blocked": {
            "p(90)": 0.3232705000000002,
            "p(95)": 0.6387389999999994,
            "avg": 0.24953720420519587,
            "min": 0,
            "med": 0.0224375,
            "max": 152.381375
        },
        "http_req_failed": {
            "passes": 15424,
            "fails": 54442,
            "value": 0.22076546531932556
        },
        "http_req_duration": {
            "p(95)": 2610.69484475,
            "avg": 676.5648535774004,
            "min": 1.0195,
            "med": 48.7723955,
            "max": 3604.145294,
            "p(90)": 2217.9851255000003
        },
        "http_req_waiting": {
            "max": 3604.012502,
            "p(90)": 2217.7628555000006,
            "p(95)": 2610.2349285,
            "avg": 676.1957721732398,
            "min": 0.991458,
            "med": 48.537833500000005
        },
        "iterations": {
            "count": 69866,
            "rate": 89.20831577479241
        },
        "custom_response_time_failure": {
            "avg": 1528.5549638359041,
            "min": 767.204126,
            "med": 1525.51123,
            "max": 2968.932751,
            "p(90)": 1965.7243179,
            "p(95)": 2067.69103225
        },
        "http_req_tls_handshaking": {
            "avg": 0,
            "min": 0,
            "med": 0,
            "max": 0,
            "p(90)": 0,
            "p(95)": 0
        },
        "custom_fallback_rate": {
            "passes": 0,
            "fails": 69866,
            "value": 0
        },
        "http_req_connecting": {
            "p(95)": 0.38236474999999986,
            "avg": 0.14883393168350836,
            "min": -3.300055,
            "med": 0,
            "max": 151.358375,
            "p(90)": 0.19875
        },
        "http_req_duration{expected_response:true}": {
            "med": 39.6972915,
            "max": 3604.145294,
            "p(90)": 2390.8411712,
            "p(95)": 2702.1293232,
            "avg": 435.18695672153825,
            "min": 1.0195
        },
        "custom_failure_rate": {
            "fails": 54442,
            "passes": 15424,
            "value": 0.22076546531932556
        },
        "custom_response_time_success": {
            "p(95)": 2702.1293232,
            "avg": 435.18695672153825,
            "min": 1.0195,
            "med": 39.6972915,
            "max": 3604.145294,
            "p(90)": 2390.8411712
        },
        "vus_max": {
            "value": 200,
            "min": 200,
            "max": 200
        },
        "data_received": {
            "count": 12556854,
            "rate": 16033.203514870826
        },
        "http_req_receiving": {
            "avg": 0.20325311232931786,
            "min": 0.009,
            "med": 0.0748955,
            "max": 212.176416,
            "p(90)": 0.248417,
            "p(95)": 0.43690599999999935
        },
        "custom_availability_rate": {
            "passes": 54442,
            "fails": 15424,
            "value": 0.7792345346806744
        },
        "iteration_duration": {
            "max": 4606.931752,
            "p(90)": 3222.412272,
            "p(95)": 3613.471282999999,
            "avg": 1679.656316209231,
            "min": 1001.353667,
            "med": 1051.3220005
        }
    }
}