{
    "root_group": {
        "path": "",
        "id": "d41d8cd98f00b204e9800998ecf8427e",
        "groups": {},
        "checks": {
                "resposta valida": {
                    "name": "resposta valida",
                    "path": "::resposta valida",
                    "id": "ce808816d29ae732eb130bbd9da91842",
                    "passes": 92062,
                    "fails": 0
                },
                "status is 2xx or 202 fallback": {
                    "id": "1de0d08ae354291d7ba711eacdb48145",
                    "passes": 57986,
                    "fails": 34076,
                    "name": "status is 2xx or 202 fallback",
                    "path": "::status is 2xx or 202 fallback"
                }
            },
        "name": ""
    },
    "metrics": {
        "http_req_receiving": {
            "avg": 0.11152534415937258,
            "min": -0.018472,
            "med": 0.081166,
            "max": 110.62625,
            "p(90)": 0.176167,
            "p(95)": 0.22770594999999982
        },
        "http_req_duration{expected_response:true}": {
            "avg": 428.064665250988,
            "min": 0.756,
            "med": 35.911771,
            "max": 3184.390501,
            "p(90)": 2389.06998,
            "p(95)": 2702.0159802499998
        },
        "checks": {
            "passes": 150048,
            "fails": 34076,
            "value": 0.8149290695400926
        },
        "http_req_blocked": {
            "p(95)": 0.7240809499999998,
            "avg": 0.20641818040016463,
            "min": 0.001333,
            "med": 0.015625,
            "max": 96.366291,
            "p(90)": 0.492375
        },
        "http_req_waiting": {
            "p(95)": 2514.7001870499994,
            "avg": 271.9173731670182,
            "min": 0.516542,
            "med": 18.8185625,
            "max": 3184.270043,
            "p(90)": 2011.8506968000002
        },
        "iteration_duration": {
            "p(95)": 3517.08380375,
            "avg": 1274.4454782669702,
            "min": 1000.955709,
            "med": 1021.2113135,
            "max": 4184.945419,
            "p(90)": 3014.0961305
        },
        "custom_response_time_total": {
            "p(95)": 2514.8096697999995,
            "avg": 272.09734348529133,
            "min": 0.55875,
            "med": 18.977479000000002,
            "max": 3184.390501,
            "p(90)": 2012.3220558000007
        },
        "custom_response_time_failure": {
            "avg": 6.692920433706918,
            "min": 0.55875,
            "med": 4.5295625,
            "max": 251.557501,
            "p(90)": 11.5231245,
            "p(95)": 15.98691649999999
        },
        "custom_response_time_success": {
            "med": 35.911771,
            "max": 3184.390501,
            "p(90)": 2389.06998,
            "p(95)": 2702.0159802499998,
            "avg": 428.064665250988,
            "min": 0.756
        },
        "vus_max": {
            "value": 200,
            "min": 200,
            "max": 200
        },
        "custom_failure_rate": {
            "passes": 34076,
            "fails": 57986,
            "value": 0.3701418609198149
        },
        "custom_success_rate": {
            "passes": 57986,
            "fails": 34076,
            "value": 0.6298581390801851
        },
        "http_req_tls_handshaking": {
            "avg": 0,
            "min": 0,
            "med": 0,
            "max": 0,
            "p(90)": 0,
            "p(95)": 0
        },
        "http_req_sending": {
            "avg": 0.06844497411527045,
            "min": -2.100681,
            "med": 0.036542,
            "max": 85.557042,
            "p(90)": 0.08582890000000008,
            "p(95)": 0.120417
        },
        "custom_fallback_rate": {
            "passes": 0,
            "fails": 92062,
            "value": 0
        },
        "custom_availability_rate": {
            "passes": 57986,
            "fails": 34076,
            "value": 0.6298581390801851
        },
        "data_received": {
            "count": 19100495,
            "rate": 24452.332489327797
        },
        "iterations": {
            "count": 92062,
            "rate": 117.85718818452065
        },
        "custom_failure_count": {
            "rate": 43.62387895739529,
            "count": 34076
        },
        "data_sent": {
            "count": 29028682,
            "rate": 37162.33448352857
        },
        "http_req_duration": {
            "avg": 272.09734348529133,
            "min": 0.55875,
            "med": 18.977479000000002,
            "max": 3184.390501,
            "p(90)": 2012.3220558000007,
            "p(95)": 2514.8096697999995
        },
        "http_reqs": {
            "count": 92062,
            "rate": 117.85718818452065
        },
        "http_req_connecting": {
            "min": 0,
            "med": 0,
            "max": 95.735625,
            "p(90)": 0.351083,
            "p(95)": 0.5311228999999998,
            "avg": 0.14625096589255027
        },
        "http_req_failed": {
            "passes": 34076,
            "fails": 57986,
            "value": 0.3701418609198149
        },
        "vus": {
            "value": 1,
            "min": 1,
            "max": 200
        },
        "custom_success_count": {
            "count": 57986,
            "rate": 74.23330922712535
        }
    }
}