version,scenario,avg_response_time,p95_response_time,min_response_time,max_response_time,success_rate,error_rate
V1,Normal,23.83925080305085,51.61153124999997,2.234875,352.674,100.0,0.0
V1,Latencia,3038.7174497106666,3077.7074761500003,3002.55246,3102.719043,100.0,0.0
V1,Falha,23.37398221322034,64.81418299999989,1.44825,141.50175,0.0,100.0
V2,Normal,33.63229419896552,83.16987884999983,3.328375,370.166084,100.0,0.0
V2,Latencia,3047.930306665334,3091.78720565,3009.051585,3105.901834,100.0,0.0
V2,Falha,17.455679549491528,45.71781889999991,0.839042,200.536125,0.0,100.0
