Version,Total Requests,Avg Response Time (ms),P95 Response Time (ms),Success Rate (%),Fallback Rate (%),Circuit Breaker Open Rate (%),API Failure Rate (%)
V1,22881.0,528.0449573446579,2769.4948350000004,90.16651370132425,0.0,0.0,9.833486298675757
V2,22701.0,331.4067532905477,2607.00009155,56.9402228976697,36.89264790097352,0.0,6.167129201356769
V3,22810.0,724.7510224138307,2796.53555405,90.25427444103464,0.0,0.0,9.745725558965367
