Version,Total Requests,Avg Response Time (ms),P95 Response Time (ms),Success Rate (%),Fallback Rate (%),Circuit Breaker Open Rate (%),API Failure Rate (%)
V1,353639.0,735.045051329862,2975.1727389,90.0446500527374,0.0,0.0,9.955349947262604
V2,415927.0,477.6022171066941,2745.2127431,77.70954999314783,22.290450006852165,0.0,0.0
