Version,Total Requests,Avg Response Time (ms),P95 Response Time (ms),Success Rate (%),Fallback Rate (%),Circuit Breaker Open Rate (%),API Failure Rate (%)
V1,22650.0,529.6069463695105,2768.630027,90.22516556291392,0.0,0.0,9.774834437086092
V2,22470.0,174.86361902294482,2226.311168,28.998664886515353,71.00133511348464,0.0,0.0
V3,22628.0,724.6102519695612,2820.7844934,89.95934240763656,0.0,0.0,10.040657592363443
