{
    "root_group": {
        "name": "",
        "path": "",
        "id": "d41d8cd98f00b204e9800998ecf8427e",
        "groups": {},
        "checks": {
                "resposta valida": {
                    "name": "resposta valida",
                    "path": "::resposta valida",
                    "id": "ce808816d29ae732eb130bbd9da91842",
                    "passes": 76801,
                    "fails": 0
                },
                "status is 2xx or 202 fallback": {
                    "name": "status is 2xx or 202 fallback",
                    "path": "::status is 2xx or 202 fallback",
                    "id": "1de0d08ae354291d7ba711eacdb48145",
                    "passes": 76801,
                    "fails": 0
                }
            }
    },
    "metrics": {
        "custom_fallback_rate": {
            "passes": 72933,
            "fails": 3868,
            "value": 0.9496360724469733
        },
        "custom_response_time_success": {
            "avg": 722.5299842595653,
            "min": 1.856541,
            "med": 46.269666,
            "max": 3127.773002,
            "p(90)": 2661.9897182,
            "p(95)": 2845.03252885
        },
        "http_req_failed": {
            "passes": 0,
            "fails": 76801,
            "thresholds": {
                "rate<0.25": false
            },
            "value": 0
        },
        "http_req_blocked": {
            "avg": 0.025387178409135947,
            "min": 0.00125,
            "med": 0.006166,
            "max": 99.084167,
            "p(90)": 0.017667,
            "p(95)": 0.027833
        },
        "http_req_tls_handshaking": {
            "avg": 0,
            "min": 0,
            "med": 0,
            "max": 0,
            "p(90)": 0,
            "p(95)": 0
        },
        "custom_response_time_fallback": {
            "p(90)": 8.9501418,
            "p(95)": 13.971791799999997,
            "avg": 5.565468361029957,
            "min": 0.236,
            "med": 2.987792,
            "max": 437.303084
        },
        "checks": {
            "passes": 153602,
            "fails": 0,
            "value": 1
        },
        "custom_success_rate": {
            "passes": 3868,
            "fails": 72933,
            "value": 0.050363927553026655
        },
        "http_req_sending": {
            "min": 0.004375,
            "med": 0.022125,
            "max": 102.857541,
            "p(90)": 0.071667,
            "p(95)": 0.156791,
            "avg": 0.0642005190557417
        },
        "http_req_duration{expected_response:true}": {
            "max": 3127.773002,
            "p(90)": 12.75825,
            "p(95)": 29.0655,
            "avg": 41.674617297834544,
            "min": 0.236,
            "med": 3.150916
        },
        "data_received": {
            "count": 13801368,
            "rate": 25450.125738092866
        },
        "http_req_duration": {
            "avg": 41.674617297834544,
            "min": 0.236,
            "med": 3.150916,
            "max": 3127.773002,
            "p(90)": 12.75825,
            "p(95)": 29.0655,
            "thresholds": {
                "p(95)<1200": false
            }
        },
        "http_req_waiting": {
            "avg": 41.54452161707541,
            "min": 0.214375,
            "med": 3.036417,
            "max": 3127.692627,
            "p(90)": 12.53675,
            "p(95)": 28.850667
        },
        "custom_availability_rate": {
            "passes": 76801,
            "fails": 0,
            "value": 1
        },
        "custom_failure_rate": {
            "passes": 0,
            "fails": 76801,
            "value": 0
        },
        "iteration_duration": {
            "p(90)": 1017.338626,
            "p(95)": 1032.7625,
            "avg": 1044.8180516367845,
            "min": 1000.449584,
            "med": 1006.407292,
            "max": 4130.985252
        },
        "custom_success_count": {
            "count": 3868,
            "rate": 7.132704986559535
        },
        "http_reqs": {
            "count": 76801,
            "rate": 141.62328740247128
        },
        "http_req_receiving": {
            "p(90)": 0.111625,
            "p(95)": 0.163125,
            "avg": 0.06589516170362299,
            "min": 0.006708,
            "med": 0.037334,
            "max": 39.265541
        },
        "http_req_connecting": {
            "max": 25.430834,
            "p(90)": 0,
            "p(95)": 0,
            "avg": 0.007687930052994093,
            "min": 0,
            "med": 0
        },
        "vus": {
            "value": 2,
            "min": 2,
            "max": 200
        },
        "data_sent": {
            "rate": 44569.57380224623,
            "count": 24169668
        },
        "custom_fallback_count": {
            "count": 72933,
            "rate": 134.49058241591175
        },
        "vus_max": {
            "value": 200,
            "min": 200,
            "max": 200
        },
        "custom_response_time_total": {
            "avg": 41.674617297834544,
            "min": 0.236,
            "med": 3.150916,
            "max": 3127.773002,
            "p(90)": 12.75825,
            "p(95)": 29.0655
        },
        "iterations": {
            "count": 76801,
            "rate": 141.62328740247128
        }
    }
}